7.340138291834852335e-01,9.006693179927186543e-01,2.666833046480542313e-01,9.298135178515032351e-01,2.076791484863600712e-01,3.931490513909347007e-01,9.545744993273920231e-01,5.259114518216500000e-01,-2.893613770754985826e-01,-6.399894854293119995e-02
7.307852735433671976e-01,2.491433464915395746e-01,5.827467359190031670e-01,2.222839120512805078e+00,7.879541054914982467e-01,1.016970397307487728e+00,3.525288949039545594e-01,9.458502211595287701e-01,-2.404579581416549094e-01,2.125327853827911062e-01
-3.544711235695491847e-01,1.093072386017991615e+00,4.341596180785474712e-01,2.154794388200114152e+00,1.045617721883098872e+00,4.940854518252191796e-01,5.043737835060476682e-01,-3.348537286498445287e-01,-1.555227995863258106e-01,2.706044958707303771e-01
7.517352194038944002e-02,7.169502975150016111e-01,2.500708302768663294e-01,1.675866999583087269e+00,1.194825875217179756e-01,1.171188216215633515e+00,-9.987492770507085810e-03,-1.228696410130022260e-01,1.396621604342533907e+00,2.063143172622612931e-01
5.346801124940947503e-01,1.102091522400583251e-01,2.755259437958824664e-01,9.522946209029422571e-01,4.451393005508435530e-01,4.827008221748995132e-01,1.074802277302504772e+00,-6.856199131725022600e-01,9.772722980240255986e-01,9.604540542320901819e-01
4.447622747788280706e-01,3.769255657526640046e-01,1.596307388529184523e-01,4.652841863232796693e-01,9.216642980365564730e-01,2.882375196672343765e-01,1.491918208846550575e+00,-3.702945088902478976e-01,1.478925069642746282e+00,3.938083911403678639e-01
5.555415309980357152e-01,1.145173255321878525e+00,-3.064521190295951270e-01,-2.922499446576656279e-01,1.697845347754566081e+00,1.284402190553638246e+00,1.697579822975930242e+00,8.619639622482693220e-01,4.118542534001157218e-02,-6.891343298275658391e-01
5.948583940402196041e-02,7.873174803613011141e-01,1.065059892893013505e+00,1.044264157700683260e+00,1.940151639294286634e-01,9.718594730227662903e-02,2.786355616952412295e-01,4.495102709504926186e-01,8.057674563329380035e-01,3.402762783742880465e-02
-8.519720734492186587e-02,1.034226272026743443e+00,1.513212978664764119e+00,3.465505489610599121e-01,8.983012850102577440e-01,1.411454820706161718e-02,5.167817302796016143e-01,4.442408368615874403e-01,1.323993040445795577e+00,-1.523633918777354823e-01
7.073238375924563448e-02,1.045240647278051327e+00,1.564964313175794874e+00,-1.426497971885081206e-01,9.574499920714202306e-01,-3.191321457612183443e-01,3.907948905176121257e-01,6.589043003192370795e-01,9.082624886664247832e-01,4.285439509619738407e-01
3.800145853565823906e-01,2.680826778676319577e-01,8.161983941534237674e-01,-2.109300583516705019e-01,-3.463753064287810046e-01,7.712171084897950779e-01,5.411812833922885480e-01,1.060428541344770048e+00,6.654410421937297926e-01,1.140366057026888980e+00
1.622380127201415778e+00,8.571395645134746166e-01,1.123219809195534769e+00,4.636501831801772000e-01,7.550975687626904076e-01,4.141772282780711162e-02,5.327831419148022496e-01,1.568138619505353049e+00,-9.730696415001177657e-01,7.499708601201473535e-01
7.979901843521618465e-01,7.582316219616850317e-01,5.588737264890480949e-01,6.307725685922255243e-01,-1.268899447127513902e-01,-5.450748901531832225e-01,6.097460760062396457e-01,1.135872848465482754e+00,-3.082039706750561714e-01,-5.558770493402652724e-01
2.628862335785515647e-01,-1.306850744162355894e-02,6.880395284217096785e-01,5.672155677084979031e-01,1.051708686506786616e+00,2.039666151814534700e+00,2.931003590638843123e-02,7.197380383985908514e-01,6.290177260164987461e-01,-2.789055004501196366e-01
-1.885771553338366213e-01,1.139578244944698282e+00,1.097323249978285897e-01,2.318183282099151865e-01,-1.915654851928650371e-01,8.663934696375993338e-01,6.429495821892579066e-01,7.181811847057638643e-01,1.193297515994506730e+00,-7.567628459026415344e-02
-3.544730235326087886e-01,4.612737060997630922e-01,6.870214292167615699e-01,2.385062986711397326e-01,1.083282631140572327e+00,7.481960693371574322e-01,-2.359978436794250845e-02,9.213727123182260392e-01,8.908676099122182779e-02,1.048426998327339321e+00
1.052933158118243284e+00,3.167403722421353179e-02,4.245988509713718440e-01,3.856394876674718031e-01,7.007861545187542562e-01,1.510186274986583754e+00,7.951271479826582667e-01,-1.212486909092252430e-01,1.043629866161265296e+00,4.344756136289409931e-01
9.330373163072457343e-01,2.686641382423055058e-01,-2.486462872920657263e-01,3.760378279590077533e-01,-7.606192717740031806e-02,1.384183974644530357e+00,-1.432941540252222201e-01,7.894014661899073637e-01,6.766627943820503477e-01,5.929433362129670204e-01
6.625847492475795963e-01,1.847778176064290290e-01,5.386473242066763811e-01,1.551233410924056200e+00,1.093743843613197708e-01,1.056488530307914120e-01,-7.430196539662536903e-02,4.653085246272518072e-01,4.535175293908253469e-01,1.285243377376137142e+00
4.795692261443285642e-01,3.750668074258947660e-01,4.980507547902066068e-01,1.177960729587420374e+00,4.212952241155489830e-01,-1.130510498004208664e+00,-4.953197096754278772e-01,6.836546660864176728e-01,6.038821725682352870e-01,1.671177400264765689e+00
4.195672477344453144e-01,2.594615939842394026e-01,3.315691810540753459e-01,-6.590784524534931688e-01,4.279150078713373495e-01,1.701527159519930166e+00,-1.759091659997845114e-01,3.844724939575739908e-01,1.153209816407614552e+00,7.144658478389585010e-01
-4.627230455452708835e-01,6.775581195890061359e-01,1.515707503080060692e-01,3.217925246004194051e-01,1.106933104576450777e-01,-5.493313023574541943e-04,8.491293545808228371e-01,1.000664526680042909e+00,4.462895166089407284e-01,9.599124995278263128e-01
1.023929065111726544e+00,-1.531236120116628574e-01,-4.265617931602462831e-01,4.481960883652105210e-01,9.274318854246790256e-01,-2.678776102385240221e-01,1.172583677286280490e-01,1.418636912074149992e+00,-5.158439917995691903e-01,2.118990949185336703e+00
7.251375926262592087e-01,-2.962396166942634079e-01,-5.414068311234401243e-01,9.207196579811393056e-01,2.510104492526132325e-01,1.221209750601223609e+00,1.080139346031464775e+00,-4.602908032130782756e-02,6.739055718402144901e-01,8.913380514771840346e-01
2.383075752662962010e-01,8.037313359228301923e-01,-4.348737368957453220e-01,8.623948737380144891e-01,3.297420523060866637e-01,1.471662127885989824e+00,9.043802821251893942e-01,4.151219113246822356e-01,1.149478483022424946e+00,-5.476373064390921419e-01
-1.176992359200850213e-01,1.250193001564019912e+00,-1.092148413344397676e-02,1.525019612757160692e+00,2.065156785103106074e-01,8.412120975412503698e-01,-8.008721397379289786e-02,1.425987225325507035e+00,4.585714803043270393e-01,3.495218885064994147e-02
2.518884685203759966e-01,1.109343832292739584e+00,-9.896777953877886058e-02,4.555751652010699981e-01,1.020286972776282441e+00,-7.337245313264333102e-02,6.316978817336315055e-01,1.313482120023071520e+00,5.661864156252090219e-02,8.300492789649760450e-01
1.667896665209496865e+00,-6.544888704908271571e-01,7.241374949919745507e-01,1.791296791103542396e-01,5.896806339226747656e-02,6.741355125663424097e-01,8.322443062186761775e-01,-8.313143857642830287e-03,4.088930101711165110e-01,5.566505914339300309e-01
4.616298833830418946e-01,1.234391198375751481e-01,2.863818117568927568e-01,4.576023874392809998e-01,3.699802091280072758e-01,1.120944919670642470e+00,2.414239568373929487e-02,1.256137652867973964e+00,3.540195316764143674e-01,4.048631586463452559e-01
1.553280496042132031e+00,-4.170573946534805176e-01,-2.321419980795366989e-01,-3.741839562982673950e-01,1.478234584457212009e+00,7.328424099738724273e-02,3.601734695765604344e-01,1.064851855480104525e+00,-1.511637842505359486e-01,1.057523147717181811e+00
1.226113776153787693e+00,9.495217568621625581e-01,6.816242109764201196e-01,-1.642677934831999198e-01,8.312442600934428771e-01,4.735838562190775591e-01,1.371970055830443069e+00,-5.065807214763150546e-01,7.274857456080583429e-01,4.713582478525495389e-01
9.144958953397816503e-02,1.707340542211342571e+00,1.748296861070125940e+00,-3.071991094586502546e-01,8.079752698799685939e-01,-4.754379753625148641e-01,3.445165104412895030e-01,-1.301342863431717289e-01,4.735347395245719793e-01,6.849852294509488349e-02
-4.151333884485547410e-01,1.322458736238624422e+00,7.559215049662184605e-01,9.752692731680703275e-01,1.301799280493069810e+00,4.219868407147010503e-01,5.840420613079515544e-01,2.861299133109226345e-01,5.948540377321258621e-01,1.261226792177711165e+00
-3.276113020389599950e-01,-7.178849518628512005e-02,1.672885315059651282e-02,-1.924284420781888216e-02,1.115948415298996910e+00,-2.027107064844105577e-01,1.492623001221981438e+00,1.391311032045223106e+00,-9.125061565250425222e-02,8.421745030367776552e-01
1.958539090706667096e+00,-3.036739522976829586e-01,4.707180160187587337e-01,2.426899276209670553e-01,-1.070897894250919802e-01,-1.387607321169384844e-01,1.743829046314720133e+00,4.558411421956355680e-02,2.722543740366225040e-01,-3.841368943462744046e-01
2.616649268842803355e-01,4.217948399858759134e-01,1.538796379324097963e+00,1.048728604034786516e+00,1.557502830379235426e-01,7.802583934309301750e-01,2.821901121483473898e-02,-1.053592226523855820e-02,4.767397452063033003e-01,-1.182441445543857689e-01
1.513810490585597135e+00,1.584856593602378405e-01,1.308479855124558666e+00,1.275370020210501831e+00,1.534879871117898753e-01,9.579703413302662618e-01,1.375974198828656403e-01,-5.830603982378405048e-01,6.045443884238239640e-01,2.140101868787269157e-01
9.163311451100869531e-01,5.042389916162677288e-01,1.416970707138442531e+00,-5.587643378131337000e-04,-2.131926157594391524e-01,1.110300434529609470e+00,1.418211428280125475e+00,-1.384491830588361894e-01,1.017933976205684043e+00,3.336583328029660844e-01
7.619817645255245742e-01,6.048174540759728712e-01,1.616358208331649449e+00,-5.607296932575684956e-01,5.821347353989182460e-01,1.951615136716262355e-01,7.555919664196828478e-01,6.814438782748067913e-01,-2.636576614014918621e-02,4.092907202563866864e-01
8.429192172021467144e-02,3.527283376489159794e-02,1.231075693508313085e-01,1.099958821140295973e+00,8.850483409368443688e-01,-3.299509849096124992e-01,4.786043867929869466e-01,6.529346280164776140e-01,-1.407939557713974166e-01,9.790725263313457827e-01
1.064477386196063469e+00,-1.414011605923521653e-01,5.280191886195471085e-01,1.145616513577840667e+00,7.145871181298292241e-01,1.036877361024624022e+00,-3.356124160023533642e-01,4.845645120605058392e-02,4.918966681686853248e-01,-5.895621501398629061e-01
7.253829453338144218e-01,7.824332098281181480e-01,1.285177752418615871e+00,1.257773078201315009e+00,2.714312910449333538e-01,1.160874133572382672e+00,4.252359350898804458e-01,-1.169456607900248302e-01,1.355191432301723065e-01,-3.495284797724863002e-01
1.528734708577060286e-01,1.022600942770202526e+00,7.231651747641230088e-01,1.465368309441848371e+00,2.641148881904409329e-01,1.059484734597524236e+00,-5.757841451432981206e-01,6.979167648663968659e-01,9.028143189774080757e-02,3.592861558969915881e-01
3.640395691523146127e-01,6.196785767130184031e-01,9.006161419519648215e-01,1.603153587207887254e+00,-4.856105100370954331e-01,6.541407190882403411e-01,2.010124046161800848e-01,5.314471875773488785e-01,3.311767055901622681e-01,6.473642382798473482e-01
4.673286681177626911e-01,2.929402555710443057e-01,1.092405972868652417e-02,1.055611435446436763e+00,-2.449168586312763518e-01,1.322880643023776726e+00,2.220167277095530245e-01,7.158440273605081172e-01,1.099951876347275759e+00,3.668298191348050574e-01
1.088827325239021038e+00,1.541505795407300261e-01,2.902029436105810767e-01,8.236595470984506839e-01,2.170801071203467825e-01,8.388108176471691380e-01,4.714988596667308296e-01,2.037072025432293820e-01,4.092298336097507372e-01,-5.531697151929250433e-02
1.036976543183842026e+00,-1.742160556565121865e-01,-4.924855043783559760e-01,8.016557653982759879e-01,2.334063340461671188e-01,1.052543343821773059e+00,8.197603271635278688e-01,2.953034414063703816e-01,4.065677602529141343e-01,5.403747872960329435e-01
-9.723436393971132685e-02,1.227582051875045321e+00,7.374213662345644460e-01,3.408239743675831601e-01,2.189799480793946929e-01,9.866883773472138186e-01,1.064682151473341332e+00,-5.792205760354168786e-01,7.938134911469708621e-01,1.128849311745800180e-02
-5.570898316240976422e-01,6.148839611465640731e-01,2.077044009033279348e+00,-6.691165281631725192e-02,-2.188051256383706233e-01,6.977745702339823719e-01,3.919513670745353173e-01,-5.407107731976730225e-01,1.083978972894138249e+00,1.226034766495223804e+00
4.401653058696878285e-01,7.938196383772584408e-01,4.129564677155475594e-01,1.167312209462702199e+00,1.419721466792874809e-01,7.714153041418492229e-01,1.044094335314162736e+00,2.967141526656930095e-01,5.296833869188732891e-01,-3.805996780619604059e-02
1.551842077941688602e-01,9.608727754301542578e-01,5.353383085500266203e-01,1.347867902487562386e+00,6.525488955169568284e-01,5.639371585008225995e-01,4.252326278066427823e-01,5.945889847882264156e-01,2.603569102645998945e-01,-1.986798887413984416e-01
1.342410332193567368e-01,1.160615422420939957e+00,3.928540328764922873e-01,1.993364465483423054e+00,3.773202084039619097e-01,1.165756597943970352e+00,1.246863995888033289e-01,4.839978306486409920e-01,4.024789845504125191e-02,-4.988397947448107717e-01
3.990020134375751870e-01,9.547700118970673389e-01,2.591876684859257263e-01,1.890942679916292279e+00,1.359376282292009130e-01,5.987650651277693914e-01,-1.467321289016066538e-02,-6.735157863035096115e-01,1.085222876827245164e+00,6.061453855881916430e-01
7.528444087641373780e-03,7.217298681515085246e-01,6.145992884632035524e-01,1.254459262828433674e+00,9.550112483930087715e-01,7.591092135533078489e-01,7.560519596833114031e-01,-2.880227101659185718e-01,1.649522767003442025e+00,3.783065637694544431e-02
6.840458412116547093e-02,7.534761294929345210e-01,-1.289147478708288497e-01,6.045399304124801088e-01,5.567105288558275022e-01,6.672453113372555089e-01,1.503289620118897663e+00,-6.706434192495047686e-02,6.050467818159614986e-01,3.735081679350888972e-01
-5.153044007194233084e-02,8.524161601490347628e-01,-8.386646565380530272e-02,4.301280513167300701e-02,1.298339935931814404e+00,1.040208470379192507e+00,1.723967436020537258e+00,2.408021914697860977e-01,-1.813065092551492952e-01,-8.126683656634294817e-01
7.355753715413287930e-01,2.785841367914737576e-01,7.719060564001114511e-01,1.165037810637006066e+00,2.608504212210545625e-01,4.459550634073315423e-01,2.457305574696178885e-01,1.127987688299945668e-01,7.035379898240631258e-01,-2.708752443817831201e-01
-5.419547407276700257e-01,9.565950610209337235e-01,1.500836707933764336e+00,3.038684827382249765e-01,2.106404051259042898e-01,8.915336780294208507e-02,1.177505095170013477e-01,1.176769575015543134e+00,4.665185314991076027e-01,-6.933489721789144744e-02
-2.234599348448523468e-02,3.358490843122551306e-01,1.340614351997071019e+00,-2.536630919670515016e-01,2.811221789315203057e-01,3.416098286571546405e-02,2.931366771668361682e-01,1.180568382691719043e+00,4.526617274724067941e-01,9.360278426173659350e-01
3.998976695981429907e-01,8.548820430189535413e-01,1.185975967245239904e+00,-9.122706332707343213e-01,1.066416903129902005e-01,1.830317757665073097e-01,8.271556952739760327e-01,8.495499138446392928e-01,5.639843898416139201e-01,7.304924315800693790e-01
1.591905089958562058e+00,3.254078202462267200e-01,9.952733471391954634e-01,-1.031264406182941934e-01,6.233973056514452438e-01,-5.931511779383938365e-02,5.591273742122365720e-01,6.546234869923335253e-01,-3.558387802359017638e-01,6.439139053063710483e-01
1.592926401345672760e+00,1.768978375552301696e-01,1.084344341970913117e+00,1.381231861065920219e+00,-2.122193429169253187e-01,4.133040339736288593e-01,8.138099273732571914e-01,9.308152141730222651e-01,1.823803238010667516e-01,-2.294927899269641469e-01
2.043602603708848109e-01,7.770042607775422550e-01,3.275081752632652554e-01,4.581816597076279751e-01,6.380310061127845156e-01,1.883268222795948743e+00,1.950889112363774491e-01,-1.361805337738190014e-01,7.699583937421130564e-01,-3.228320456373196534e-01
-3.318103140353959035e-01,3.938254111115012113e-01,4.178368913712440236e-01,5.040239967520254716e-01,-3.953939032581375024e-01,5.563561102766478861e-01,2.283854493795771101e-01,5.524906127186379745e-01,3.916494195045475135e-01,6.114685733673617118e-01
3.917660348895414257e-01,-3.936004588520371494e-01,7.445868262496936341e-01,6.952430489521875812e-01,1.035466643873504955e+00,9.219763758403597409e-01,4.698814918908299498e-01,1.200178924665583624e+00,4.360778950266758214e-01,8.416853666803414402e-01
9.522436273475211044e-01,-1.932131096898670464e-01,4.412369224316430860e-01,1.630907967310100681e-01,8.443327460542360274e-01,1.631748003441432671e+00,5.379161710123033791e-01,8.319631835036874756e-01,1.388548643555161277e+00,5.545357217565650698e-01
4.129762062707227344e-01,1.274664024774111726e-01,6.970830249178103233e-02,1.450314506182719954e-01,-1.451475856111536511e-01,1.973197712584020103e+00,1.284186332454879398e-01,6.973919050121772933e-01,8.043012261133357654e-01,5.237901086678699025e-01
7.748351412602643151e-01,7.927097128462133879e-01,-2.291815012017795958e-02,5.946800887400447433e-01,5.447028719364761518e-01,5.369499275284014272e-01,-4.641287948248205009e-01,2.242685124283836096e-01,-1.433703498603222659e-01,1.731268534406630755e+00
2.070702861445359866e-01,7.954184344626925585e-01,7.688331371947432213e-01,6.295238475834541436e-01,4.263859784726520830e-01,-3.311323237704785205e-01,-6.202772276649867189e-01,1.053267312955164847e+00,8.345395572132204842e-01,1.762282466891492483e+00
7.974330934686331140e-01,-1.056921455272255422e-01,3.047014413871185767e-01,2.695841694595512150e-01,1.100419788783129960e+00,1.573074533538860065e+00,-2.764174584001789503e-01,5.171147497727200948e-01,1.208684283830320227e+00,9.951939982498422266e-01
-3.521467146403691739e-01,1.873856002666119402e-01,1.030169277562521302e+00,-3.929839642843437758e-02,1.253610400422431881e-01,6.210959773804254347e-01,5.436620957143528665e-01,1.633847044852024144e+00,3.705213710521483295e-01,7.102321312531068020e-01
6.520412586364122687e-01,-9.288638370146232726e-01,4.015485295623785755e-01,1.009363814540527926e+00,1.405298798520443482e+00,3.454152116267808492e-01,-1.197208644307741904e-01,9.362279516085829645e-01,-5.782259648772122285e-01,2.154443038674988653e+00
1.031347713748281381e+00,-4.179024891383395501e-01,-5.877215826710515678e-01,5.791209747256873541e-01,1.980552610179169837e-01,5.993635359095182968e-01,6.562005632665639521e-01,-5.833017169868790486e-01,2.655802480659350540e-01,1.263424194238310427e+00
3.846640838956610353e-01,8.686283146629899532e-01,1.436150003860530155e-01,7.478138238131910587e-01,8.163655627161277017e-01,1.573879770631723130e+00,1.254428857100322370e+00,3.773186683938524466e-02,6.765950302828770413e-01,-4.779897302933374670e-01
-3.071767920440080513e-01,1.015138520109355236e+00,1.674324905371744332e-01,1.309596651948074619e+00,8.558918766121664801e-01,1.165281980149504015e+00,3.923826184950767182e-01,9.033346819749277223e-01,3.472639491807698597e-01,-2.430936904703162871e-01
1.456455008372907999e-03,5.769792448587909295e-01,-3.457733120446617181e-01,3.059645767089527180e-01,6.758716559074243735e-01,5.478614245034878205e-02,4.461527916108035674e-01,1.381947333956529578e+00,5.187004584858208034e-01,-2.111419329044732663e-03
1.788812156939327602e+00,-1.078279374976558680e+00,4.894445389003232449e-01,4.148302028836667321e-02,5.529668781513661369e-01,2.337215956370313971e-02,7.495236331881790504e-01,3.501185927775578022e-01,1.004632124791863923e+00,6.260392423565330766e-01
4.481577437018006704e-01,6.029982855098415806e-01,2.194555880983385665e-01,8.824581952272540775e-02,9.627593527154901798e-01,9.245394242198919921e-01,2.582496476524564349e-02,1.180960393695754007e+00,4.374522947691338870e-01,5.900094104159122610e-01
9.576007877923138345e-01,-1.851206112494357958e-01,1.999355904335659850e-01,1.754737881134067409e-02,1.345961966936676246e+00,2.105315689393700840e-01,1.172833824503523470e+00,4.303786734155438665e-01,-2.930932860242856375e-01,8.957123128124032663e-01
6.524888916733714295e-01,3.122705400423231858e-01,3.301920097002427057e-01,5.666948328932800427e-01,5.226827155400360914e-01,1.985920483320692542e-01,1.370186320216126852e+00,2.296111050330398584e-01,9.988651457573470838e-01,2.472345494545339639e-01
-7.638512757368963735e-01,1.447910287485399516e+00,1.390127898003624907e+00,-2.572801865855746106e-01,5.451580983067905173e-01,-1.166097622461900463e-01,9.372500754372015130e-01,-4.090101085211328980e-01,7.927170533536349595e-01,1.560111450504160779e-01
-4.124969728258092716e-01,1.578814088712426900e+00,1.011696602638368248e+00,1.106614955653740573e+00,7.664999045980761538e-01,8.564266774075476873e-02,9.038702494290934419e-02,5.186814259042775710e-01,4.147551211827683049e-01,1.211265368752099780e+00
2.145422062476262937e-01,-5.644198038272885132e-01,-3.218960556029621944e-01,-3.625277749445813824e-01,1.227799894297759709e+00,6.731180094735236819e-03,1.307600143098734069e+00,6.972597969850582444e-01,-2.821759641912056082e-01,5.909067329722246242e-01
1.403152091236586685e+00,-4.081375904873693061e-01,6.326860285532527328e-01,7.582428121342679184e-01,7.338394629222260157e-01,3.705102513006880427e-01,1.473097597980048690e+00,1.932382797914170003e-02,-1.611973001798144844e-01,2.826576768569006304e-01
7.535165833152761283e-02,3.609973988097848752e-01,1.707366423005058698e+00,1.357970064551597522e+00,4.515666687045610250e-01,8.751552314288698620e-01,-2.480284580512854761e-02,7.078129875093833179e-02,1.999193760361201999e-01,-3.004040755463944223e-01
1.221508921059760722e+00,6.689719521895507066e-04,1.049955855819529216e+00,1.143892457365653037e+00,-1.967718391205905970e-01,8.955498749810832937e-01,3.723998969209926235e-01,-1.450948428146636993e-01,9.629590790270111667e-01,1.132260137025374175e-01
1.622097078402396919e-01,6.434339327813278775e-01,1.832661615224689289e+00,-2.411415903671631500e-01,3.907025139259998614e-01,8.123765774256294092e-01,1.286967724985371264e+00,3.461020423389533085e-01,6.925434210981056271e-01,3.311141795871887505e-01
-5.572314419520993378e-02,4.594405975593316982e-01,1.527743907890235286e+00,-5.766201941089699190e-01,8.290350839366236180e-01,2.495130308217262741e-02,7.526761484189362639e-01,5.892226493918596431e-01,6.978223008289053952e-01,1.480076293971821222e-01
-2.442118180464030730e-01,8.658278027765828888e-01,5.010934661914417942e-01,3.490270181484295131e-01,1.088154066152810406e+00,3.387137599379427821e-01,4.351959692339761321e-01,6.910313242702165182e-01,6.194264387834566010e-01,1.038562282303788109e+00
1.360496192072007338e+00,3.289973295929944364e-01,2.237375108286062883e-02,6.724669992897047699e-01,9.751288147783913063e-01,1.670213746609435113e+00,-2.498416829867660879e-02,5.727032034288785933e-01,3.309920708842988279e-01,-1.062895490168391799e-01
1.067027673548965216e+00,7.306168584552720224e-01,7.525860826000850823e-01,7.951433847288077450e-01,-2.450166331899017169e-01,1.253374524682169033e+00,-3.214003508746419713e-01,-9.710223600638320796e-02,-2.528666061118179376e-01,-5.559636778955130421e-01
-3.481665894066207634e-01,1.112842628617494167e+00,4.838800405873663890e-01,1.388776075160228496e+00,-2.608010417996210473e-01,4.321830488322738750e-01,-1.438415360276052574e-02,8.009903010674093160e-01,2.007801798581169972e-01,-1.578388149219173697e-01
1.084596313323930250e+00,1.284163256631763339e+00,1.428770163414569694e-01,1.917067688099944878e+00,-6.179080538498488151e-01,9.876297567195755356e-01,4.106282527360893830e-01,-3.076565652775425375e-01,1.061526628501973990e+00,6.028354302761643746e-01
5.919408322189647631e-01,1.373492632603019736e-01,3.500710968114705834e-01,3.718988261223100111e-01,-2.215745155784394071e-01,9.402812418602315425e-01,6.044743224058232167e-01,6.542031763398591382e-01,1.254319349874041034e+00,2.420502972095689154e-01
8.853618519843892143e-01,3.406208417569467906e-01,2.093005422692419959e-01,2.157689683591892948e-01,-2.242574511906849088e-01,1.163723292361934281e+00,6.802280676053712449e-01,1.016615015796777488e+00,7.637839927832870135e-01,1.123743334389615406e-01
7.126415168841233605e-01,2.677731352037494572e-01,-1.337025568728238967e-01,7.594910678942086157e-01,-5.145919660804574441e-02,1.738183726960017550e-01,1.087585899528440647e+00,8.927014564067097258e-01,8.986107358444934690e-01,4.935742736951914122e-01
7.731675273097684542e-01,1.178365076423185887e+00,8.534944614106891869e-01,2.520647342998661999e-01,-1.591698591840151888e-01,8.007797930009271647e-01,4.883986469394165364e-01,5.819063284549671339e-02,1.003719784451470032e+00,6.587984558465135310e-01
-3.131025587416341738e-01,1.082338478592900000e+00,1.504727224405701724e+00,4.363179601864250468e-02,-4.694413628100835290e-01,-2.229019334937419952e-02,8.481382554784623329e-01,5.415057239552960311e-02,5.604612197561771314e-01,9.241115310044772935e-01
5.675461579053489025e-01,3.517586949195343760e-01,5.103988835614416963e-01,1.104480994228183022e+00,5.763314205356019349e-01,2.813877929921256849e-01,6.927602258710691130e-01,3.896537338111026594e-02,-1.785820410541025249e-01,5.415188790843588063e-01
5.573346321958113636e-01,1.015371940513137838e+00,3.899563127278584118e-01,2.049698771826430121e+00,9.365726094027747584e-01,1.529417788768916153e-01,9.382892709704204748e-01,9.876140144523597453e-01,-1.928138719669439958e-03,2.290049369359515308e-01
3.082965764788738738e-01,1.097400855539212072e+00,5.197533310487003622e-01,1.667606080074445440e+00,6.180934637905270979e-01,3.232353881298610787e-01,5.357797309908464145e-01,1.476077787491712479e-01,-9.885735204297011261e-03,-2.430058428789571845e-01
2.670738085339229850e-01,6.956611948298592196e-01,1.800857440196816095e-01,1.552095204124559702e+00,5.268369213009226337e-01,8.991811184653288880e-01,2.888118142057666815e-01,-2.700275099923185596e-01,1.104054910647609855e+00,9.999138741916501205e-01
1.536447808719052996e-02,7.987008189691237325e-02,-1.560762048028161708e-01,9.149388463516778813e-01,7.292624621380059402e-01,8.155841982463711559e-02,1.105380614993960453e+00,-6.198476912073922623e-02,1.456539016075625081e+00,3.529727045021165965e-01
6.844027065880580185e-01,-1.655083504775265446e-01,-4.814115795374651618e-02,-1.438936407981462884e-01,1.056908282592307069e+00,4.964489923724165199e-01,1.474457862884089643e+00,-2.991018007275510551e-02,1.115852946439308324e+00,6.697934269324888890e-01
1.008715400664145223e-01,9.667596315961685116e-01,5.060693662896917910e-01,3.152575799192073314e-01,1.383588152665511384e+00,7.000675369359532496e-01,1.612756265352877749e+00,8.655799064820228761e-01,6.460309766858018943e-01,6.657223893148095373e-02
-1.834147076634844997e-01,5.785076491573305502e-01,1.117054230634901169e+00,1.049574814318935179e+00,1.991976214564825653e-01,1.933856904196757376e-01,5.585941902571023299e-01,4.681274321457355447e-01,5.299920229173160635e-01,-2.019666736501524451e-01
2.557015952973661355e-01,2.423442030195698815e-01,1.760415690284486079e+00,1.137788461722336608e+00,5.693761556580079208e-01,-7.305725865475843905e-01,1.941530840226683430e-01,8.091273717138574018e-01,5.319136355707213548e-01,6.417805078549427833e-01
4.656018120029502549e-01,6.360832868119544736e-01,1.474112507795269034e+00,-8.847758614307889014e-01,7.518511551482051081e-01,-1.189925389484501050e-01,4.507717788486177990e-01,1.033393432629425401e+00,1.037352308686710689e+00,1.203266058689244078e+00
9.773281911669774447e-01,8.398960279832019538e-01,1.060473342938516250e+00,-4.058597112509839677e-01,-4.616490199284993823e-01,8.318601471107638368e-01,8.435641118472710920e-01,1.476547362431132493e+00,2.413505302107921968e-01,6.604201671918316086e-01
1.624094825163597378e+00,7.663582863671304368e-01,1.026445166702273593e+00,1.372889847862148738e-01,2.753386309684935918e-01,-2.271520347936953343e-01,5.353232284147614317e-01,9.334220853651359340e-01,-6.911619552424808077e-01,2.097604526212303588e-01
6.397901501507682331e-01,6.812412460505157252e-01,6.290565407110302321e-01,1.446391012484564476e+00,6.063941565245034582e-01,1.474148093403402637e-01,4.874348883445032143e-01,1.165797737567155767e+00,5.696842739060193894e-01,-5.162758519159629245e-01
4.189553718768556645e-01,1.924542467391264222e-01,-8.905528397574448418e-02,6.720339922618361050e-02,7.228081003698985096e-01,1.559084799814830280e+00,2.679082072314824536e-01,5.663917329771915588e-03,6.776087088628701682e-01,-3.351870717865844673e-01
-4.069007723149471456e-01,9.406746321628846053e-01,6.318833011084316054e-01,9.099764492659645487e-01,-4.088823821758635346e-01,6.353711398350726514e-01,3.473795756039532723e-01,8.324579924252787366e-01,3.419366629364148924e-01,-1.233820891373810236e-01
-1.808981921004890192e-01,-8.588572201230382230e-02,4.051605606861654052e-01,7.309897415983790392e-01,1.124315839443931653e+00,4.364628085634974508e-01,3.800483689518673880e-01,6.444439837641221525e-01,3.083315751502664348e-01,2.835065884712387185e-01
9.260249363540896672e-01,-2.064811866983621846e-01,-4.303562489641002409e-01,2.215486754643168077e-01,8.174314898848050737e-01,1.212040774425382939e+00,-1.081999167115098165e-01,-1.048676485013200731e-02,1.283082529925480442e+00,4.043532549538388920e-01
3.143009623646735862e-01,6.670553335159036257e-01,3.253256475033319828e-02,6.665503638756882232e-01,1.334177910614106621e-01,1.525200107543792649e+00,2.192346699082367845e-01,4.614268847524903051e-03,3.804487657964483738e-01,7.518987522160308634e-01
9.852765447103354335e-01,5.703778143653555066e-01,7.629187959581082978e-01,1.506194628261424695e+00,1.272060152221154150e-01,1.219969975405911684e-02,-1.605746689770433389e-01,6.747290461406905138e-01,3.470520006911358979e-01,1.450029700468128624e+00
-1.055965718484523364e-01,1.126765731278304150e+00,8.367777669436188281e-01,1.038406876564104797e+00,2.460683632917326502e-01,-1.153589860905437581e+00,-7.284081735245644396e-01,4.806279273813723329e-01,4.423468157306013615e-01,1.848008544950092258e+00
5.675508760389211815e-01,-5.519340265336565299e-01,6.154991743699270851e-02,1.222009695941225355e-01,9.807872947341954584e-01,1.712584244282950197e+00,-7.082391515857707764e-01,3.347786496602665474e-01,1.447912463008912187e+00,6.193464107397950169e-01
-2.794713452119467201e-01,8.333368797159336205e-01,3.327761785769703939e-01,4.927096561854578116e-01,4.466702783795538645e-01,3.108031532404592623e-01,8.355394464527798881e-01,1.006577787714428629e+00,9.186367712133642893e-01,3.090745892731934785e-01
8.804789848116304496e-01,-7.006056403636189422e-01,2.858777024143932532e-01,1.049710154179348764e+00,7.955957489657680126e-01,-4.129837477207191077e-01,-1.124408476509012461e-01,1.325636981057809249e+00,-2.422023908675755566e-01,1.519370661552967183e+00
1.365089835280027142e+00,-9.101284044755712788e-02,-9.584305333190720200e-01,8.265730567157622000e-01,5.190749735718864777e-01,9.451170200550921274e-01,1.085407341410489446e+00,2.906928552940206689e-01,4.005049161704032912e-01,6.203496144706029947e-01
-9.649796929589765648e-02,8.471354496744326612e-01,-5.519250055891912199e-01,1.194001185548067223e+00,8.041417015249461286e-01,9.366043491303539525e-01,3.121028238591184722e-01,-1.130258237056294551e-01,7.736594739832448608e-01,8.092175026940200133e-02
4.927575063343098138e-02,9.007175315819011541e-01,1.247045578331607285e-01,1.333892399090510050e+00,9.306955822157060298e-01,2.256339141373318868e-01,3.684446668393935309e-01,8.277911384816418749e-01,1.083722976520889336e+00,-2.007179449338273580e-01
7.927453442646928417e-02,1.326672139329136746e+00,4.035571299550182456e-01,2.226401385685340129e-01,1.320901279035114673e+00,-5.060112138534542670e-01,5.309433722782055387e-01,2.201501013585470456e+00,5.253346038101037729e-01,4.219812788820732630e-01
1.301177524401111452e+00,-6.015358140363842310e-01,-8.384435190232918111e-02,-1.170053874937235644e-01,-2.559918059118815314e-02,5.813104922628642424e-01,8.001949202816389661e-01,5.886544794939052583e-01,1.221019735898988490e+00,1.341968715759265907e+00
2.372301439756806796e-01,5.374514537757193455e-01,1.125528698083331891e+00,1.316746793995448028e-01,8.786846725885034681e-01,8.310068350143205995e-01,6.588269905333871135e-01,1.156186140672409435e+00,5.878845509169188244e-01,3.343648144591289673e-01
8.846114917786903620e-01,-1.605896002090571595e-01,1.385270942824870233e-01,4.416166397379730491e-01,9.021502503411812368e-01,2.810953696953928382e-01,1.146927471693546252e+00,1.188258683004979277e+00,-1.082059297903756184e-01,1.136828123594188389e+00
5.441790226599735325e-01,7.646697124086317965e-01,1.780886139222190301e-01,2.998106974979798944e-01,7.981608883890523032e-01,7.696274331841866934e-01,1.456718019968132882e+00,-1.320912632932083053e-01,6.698523831023882602e-01,-1.734186560843381797e-01
-1.144079268987241299e-01,1.376780664551894295e+00,1.135832777305185948e+00,5.681297598807719673e-01,1.072300201287450960e+00,4.598157134062534346e-01,1.163809170098739632e+00,-5.815948804275244965e-01,5.098089974914107314e-01,-1.138128817830629524e-01
-1.188485815846767490e+00,1.681322410193132999e+00,1.271805272808579579e+00,4.764453865654264542e-01,3.441019843242330012e-01,4.622316022902153709e-01,4.624116339018995436e-01,-6.680781804593702300e-02,2.413404270470685328e-02,1.308531782849086555e+00
2.408540550368996613e-01,1.197557364911479155e-01,4.783210635427069257e-01,2.261431254163064619e-01,1.020017984814626910e+00,-8.926924690427127940e-02,1.807770669251760776e+00,8.838327495140451129e-01,-6.502674240278293050e-02,1.019846084623734939e+00
1.540289282373617619e+00,-6.925398760592983427e-01,4.733511772415892604e-01,7.804648867057749628e-01,4.449425929233405963e-01,-3.285733532190902584e-01,1.843698973110839079e+00,2.505802205732941546e-01,9.128932613300913546e-02,5.157757686568629207e-01
-2.710028777139500411e-01,9.276163574870806006e-01,8.708242178976248749e-01,5.993600279641778661e-01,6.073186315746432751e-01,6.340611543424330421e-01,-2.673588563862273060e-01,1.335010430867509396e-02,7.318100619616906277e-01,-2.512460500280872533e-01
1.020239487398500344e+00,7.175315754522566857e-04,1.329278219133759986e+00,1.469513712109564052e+00,-1.759743786176112823e-01,2.452537083600130341e-01,-3.586986240282301341e-02,2.071044190941737084e-01,3.618039121363238464e-01,-1.726356056353490764e-01
7.447822034986385509e-01,6.091127488878205209e-01,1.012260818885205582e+00,-3.325755170076618583e-01,4.706733069580329443e-01,5.423641776170594619e-01,1.205827091609932955e+00,-2.974012056703513249e-03,8.032703958636315811e-01,1.680817808393939849e-01
7.287451556651415308e-01,3.391342011768489484e-01,2.238234278997609739e+00,-6.496708580062936500e-01,4.870500628149513900e-01,-2.786896399560049864e-01,5.563362720612446966e-01,4.840703630920023537e-01,2.679042327174586124e-01,1.019195604121727383e+00
4.614968959736032716e-01,6.296187618554388576e-01,4.949587384234663823e-01,5.662264701553386681e-01,4.807171042004548811e-01,2.875670086594013797e-01,4.315881062502125443e-01,6.037168116208658786e-01,-5.028154695261791846e-02,4.725738102583570965e-01
6.255260213452912277e-01,1.156838609900250753e-01,4.478277072673280679e-01,7.655258896946277591e-01,4.296356250709273961e-01,1.160984630496671333e+00,2.328909889892332163e-01,1.542861297021377032e-01,8.609688872318277397e-01,1.714163037040777604e-01
1.029832036172903864e+00,6.325265415941739855e-01,1.370056605525595605e+00,1.056001931591920906e+00,6.786471121707626786e-01,1.526209317893816308e+00,4.729044264498835082e-01,-6.858407967741950335e-03,6.104364354274002258e-01,-1.781775601138640974e-01
1.684978843598419762e-02,1.155069434639351744e+00,5.603374054803091919e-01,1.335638597120397453e+00,8.008463152394226792e-02,9.604248934269833393e-01,1.164932128410819945e-01,4.281940838595662546e-01,5.291984808046618083e-01,4.974069443059079831e-01
8.194755816056475961e-01,3.307798894182351068e-01,1.670877426159271539e-01,1.680509030080498345e+00,-6.484239171018580938e-01,5.344762148029443827e-01,-4.810829924629978632e-02,5.208773461334400418e-02,1.314450140210442264e+00,6.925496281486046568e-01
8.631405289398674796e-01,5.670918248944745166e-01,4.777554753175563551e-01,1.011404616984197480e+00,1.093713675545637115e-01,1.394551107915854349e+00,6.040633574235477754e-01,6.796131123101906146e-01,6.025972137911890236e-01,3.701630625942445990e-02
1.679811158201176324e+00,-2.867631068025686472e-02,-2.010710929863344931e-01,4.934363613519403002e-01,-2.767119708791253574e-01,3.520007115039167078e-01,7.859184170751934984e-01,2.712466625086551453e-01,5.612603159115110429e-01,-5.135662234031295598e-02
1.271096199185704156e+00,2.101579627151567431e-01,-6.550782073050664955e-01,6.955388823620822780e-01,1.554376649987875836e-01,2.118058270623412176e-01,8.182672172263675270e-01,7.916765540146356583e-01,1.093001667224016593e+00,8.347209125558988640e-01
3.753003104983486105e-01,4.554883591370911811e-01,-5.419747640147443840e-02,7.746766158809036407e-01,-2.358591152598873142e-01,3.738409308474887616e-01,4.511522348243565128e-01,-2.039161406244449914e-01,1.448084168290932672e+00,7.041287937000368924e-01
5.183516713272298682e-02,6.005975528659277529e-01,2.156152300785417530e+00,4.485999770039539314e-01,3.075265797238749266e-01,2.667578050344697749e-01,4.012031062434270878e-01,9.996559135221404213e-02,1.474533463493199470e+00,4.012377378647216664e-01
6.446507880570465643e-01,9.294098508185713037e-01,9.155035614837866431e-01,6.197066580280568004e-01,8.765039557026687023e-01,3.029115915835172701e-01,8.175185845621237846e-01,9.490860014495273722e-01,5.951021899288408967e-01,6.143243352785378031e-01
-1.544179149117161365e-01,7.122384149722696955e-01,-1.219350458036529972e-01,1.468902007622234995e+00,2.956717015531282189e-01,1.046630895243660375e-01,5.621132847114488351e-01,5.818047037061948590e-01,-2.970191101842507009e-01,-2.005984716686781966e-01
-1.962450815725563791e-01,1.026987285996801669e+00,4.332157735417738187e-01,1.633432326364916642e+00,6.028062822738823323e-01,2.324575167842231060e-01,2.567892619511578656e-01,3.349588670673854240e-01,-2.599360436362994076e-01,-4.552716090501458535e-01
4.168926790883287770e-01,1.996546802730328196e-01,4.020236026835532495e-01,1.901453505015870071e+00,-1.313824579446072061e-01,1.192886581777942601e+00,8.095223496230739002e-01,-5.272285995629084621e-01,9.441684233742959620e-01,3.904395294658896121e-01
5.618419538238045297e-01,3.080909103431281326e-01,2.669301114083200144e-01,4.965746358375832115e-01,4.411847503287857353e-01,7.973240837645866053e-02,4.001240725160080669e-01,-2.584974573136690768e-01,1.485140460018514741e+00,2.753109165929377711e-01
4.329539880529902907e-01,-5.492898578584561042e-02,6.182022811736139767e-01,-4.031562941324005195e-02,9.071245983773384980e-01,3.536170482436393758e-01,1.362855797147022985e+00,-4.109138502257513870e-01,7.594811343317646735e-01,1.598184714003261786e-02
2.260711816118173845e-01,7.837379268181788872e-01,-2.684498610444507882e-01,-3.724106454569038882e-01,1.099285662541077846e+00,1.082116194288144984e+00,9.806433151981163165e-01,3.077909460372047490e-01,6.163646965841369507e-01,-4.352802680771949428e-01
5.236451637252632629e-01,4.312555627448509399e-01,5.744697852486040368e-01,1.524129825430615481e+00,-8.457133272836023230e-02,7.223977381772824780e-01,5.421004298599785276e-01,9.210352912999414388e-01,1.029676746902195239e+00,2.456823544043986243e-02
2.178539207802437649e-01,3.744096827253131088e-01,1.046067823954746068e+00,2.227289727072197523e-01,1.079791743649044955e+00,-6.737223451644921424e-01,8.058945684893991102e-01,9.108941385409787816e-01,4.098084968945510664e-01,8.957481795782260003e-02
-1.999551181569097780e-01,1.531344411191641608e-01,1.352965725362434091e+00,-7.286169708793581723e-01,1.448166229999969246e-01,1.271489333801176791e-01,2.744253281254289134e-01,1.363243901717482665e+00,1.148415639919642572e+00,1.140995111626049718e+00
9.966114252428298625e-01,4.904860068324287670e-01,1.170936967264310180e+00,-2.490080462972432129e-01,-5.645213477415482739e-01,1.975396705841757916e-01,1.804500962729233271e-01,1.441767050248163873e+00,6.906124487720496363e-01,2.567136193370836983e-01
1.427987373973776508e+00,7.864229431449620833e-01,5.847195025917587552e-01,3.931871285072283673e-01,3.132576044340202315e-01,7.680896755615568283e-02,6.573796645627766333e-02,6.709215525035128191e-01,1.388582772449084568e-01,4.797209427103221180e-01
1.175005283299864089e+00,4.453299328351563724e-01,1.039806667737971368e+00,7.325830624756164422e-01,6.709131001442089071e-01,2.015091034419363158e-01,1.419766705788046701e-01,2.769507986282018774e-01,6.157325069959540542e-01,-3.682712113438044721e-01
3.159872804285663306e-01,-5.877292737363683239e-02,-5.989243221418320828e-02,1.562503277815758818e-01,6.854502666369186592e-01,1.645642530653127933e+00,1.486920271140555472e-01,4.201486201793393493e-01,4.219884326199626057e-01,-5.341389812506325274e-02
5.673171626869518702e-01,7.432843062676918189e-01,6.872066081431510431e-01,7.294918874817829524e-01,-9.369706034881966628e-02,1.069521146309400539e+00,9.091408215000604809e-01,4.693865113176944326e-01,9.061407232067574258e-01,5.912444488074872773e-01
6.232590256607506429e-01,-2.368244658675336678e-01,6.028089245597614276e-01,8.153275852083540221e-01,7.284058121342642522e-01,5.381188790509113806e-01,-1.016708140859196863e-01,1.104679784289460898e+00,3.651290576913468477e-01,1.121129728434490547e+00
1.302521446883015743e+00,-6.541186304827717457e-01,-1.223232308868493629e-01,4.856042471160295082e-01,5.384563581618544426e-01,9.285482340640095478e-01,5.306515060561473041e-01,3.237187382270387825e-01,1.246402090712160238e+00,6.341981064614417019e-01
4.077723364137239570e-01,4.437425553091173258e-01,4.996131518021433848e-01,4.923605675238777457e-01,1.792342101024122988e-02,9.579152689584957692e-01,2.106927071371185178e-01,9.150069808807886895e-01,1.511597666973846787e-01,7.743576393672410019e-01
7.738131712891678227e-01,5.797038021651292894e-01,6.236371733615799773e-01,8.581948363897822230e-01,3.309594951902947724e-01,2.044330253802891517e-01,-3.878593342486013618e-01,1.037229990902092336e+00,6.343701956668138520e-01,1.464655262263730551e+00
6.550055183188313590e-01,8.381379510879138905e-01,4.722534043389317038e-01,1.083924585749760361e+00,9.702306135788518748e-02,-2.065292651613940822e-01,-2.812441897364313381e-01,9.490663151325683389e-01,5.283816093908572098e-01,1.275856087757337054e+00
3.324184626767762163e-01,4.411329361836829333e-01,6.560024019259799721e-02,-5.021468442188526948e-01,1.268285090498460388e+00,1.830276370242858386e+00,-4.316100245345415587e-01,4.985295130368943006e-01,1.580930650663262549e+00,9.802473148081565224e-01
-1.675877970719290289e-01,9.457724318483528014e-01,8.522892928532730394e-01,7.284831641447970796e-01,4.237200203232697748e-01,6.686361993025160544e-01,9.792236164493894890e-01,7.694260940365366119e-01,1.659947663037146803e-01,7.050364173709356974e-01
4.795670046116425334e-01,-2.951064412916100110e-01,-1.240816939723982971e-02,5.418608302120488940e-01,1.319337496965675705e+00,3.520113817112330290e-01,-5.502495237293272834e-02,1.201882620782169120e+00,-2.060591284419359681e-01,1.599680867106077597e+00
1.158741182460282682e+00,-5.977152779639850477e-01,-6.088832445656950920e-01,1.128769430316312938e+00,3.832930665255903091e-01,4.332417289607325972e-01,6.771718214699617988e-01,-7.132310446459252939e-02,6.209106286780037287e-01,9.827995316521350722e-01
-1.507797985334868585e-01,1.053663289355065924e+00,-4.937255921066822095e-01,1.074553042718464857e+00,8.760356995545593994e-01,1.254664013607619699e+00,9.178332466802180400e-01,-8.383259087601138693e-03,6.902483659001654726e-01,-1.178015792928398531e-01
-2.735561492044282783e-01,1.384126770950959040e+00,6.068499854479093847e-02,1.507013886952356607e+00,5.847378358813541954e-01,1.239973260476909811e+00,-1.143727764423838472e-01,8.529867663558440283e-01,7.769059274121572489e-01,-2.636523534922432521e-01
-3.184163486956494427e-01,5.660078425851713391e-01,1.218752458152971008e-01,3.297350909843806965e-01,6.430796042672055624e-01,-6.574633306958169721e-01,7.479875754462482484e-02,1.681150032839952013e+00,6.144395961425179742e-01,7.270051166172565305e-01
1.970155936295616916e+00,-9.551308101766103897e-01,4.229328286315997554e-01,4.478255171572536053e-01,1.970489927266731028e-02,5.573655513120548965e-01,5.198970430229845618e-01,7.806370168210574612e-01,3.794616916116212435e-01,1.228370136318117423e+00
4.559731704177080736e-01,7.980803819083285289e-01,1.877141606401176444e-01,3.102288444254414079e-01,1.159876127404261492e+00,4.999310413107725948e-01,2.865140072839192364e-01,1.440992986414288968e+00,1.910517181889855032e-01,9.590652616058404911e-01
8.862232871561491754e-01,-7.979953796414612777e-01,-2.062711170223489876e-01,1.178532191487633024e-01,6.958428555168970631e-01,1.385147568461939926e-01,6.716652960436958475e-01,7.532746852861197384e-01,5.717142344469765547e-01,1.222400713426794683e+00
7.152145637549268686e-01,9.979602623732500843e-01,-1.936827679518573486e-01,2.290478700298546610e-01,6.752069913288639702e-01,3.699464019706746876e-02,1.366012802515186975e+00,-6.873015498921116739e-01,1.115904600855107454e+00,-3.084107523714091359e-01
-4.066817750091570871e-01,1.167339704192886130e+00,1.013444938186371935e+00,4.529389554037355041e-03,7.823483152875323476e-01,2.360112635596967601e-01,4.733432513778147444e-01,-1.291732722239579134e-01,1.340993101239756902e-01,7.692538710350487197e-01
-6.879250447513003408e-01,1.146892520367952972e+00,1.001137878665326664e+00,6.913365650182452526e-01,1.137263160936849760e+00,4.149087013901338328e-02,9.810374296859650234e-02,4.159665375614123861e-01,1.141142625750684106e-02,1.485817880832013715e+00
-1.932186561288437576e-01,-8.674688130628929739e-02,-9.169446276061365975e-02,-1.430522089388011342e-01,9.188358591252649976e-01,3.793756702616616489e-02,1.347201636414708359e+00,9.865614339145264422e-01,6.102231878794088793e-01,7.100105940076363309e-01
1.522726672530275938e+00,-8.484128472967668033e-01,4.583917329908875904e-01,-5.945626473477054474e-02,-1.769281464149813077e-01,9.543711074271662986e-02,1.788703681585820826e+00,-2.145180528752223259e-01,-5.541814584596036625e-02,-2.734726805151507234e-01
-2.344538613359930246e-01,7.901380366556529644e-01,1.233564581658891157e+00,5.498232059550616224e-01,9.599778206048067419e-01,3.649599814735651759e-01,-2.076665592808462912e-01,1.453509047671342203e-01,9.970762854252560037e-02,3.163274591886237608e-01
1.571688033079435609e+00,2.273121314356527090e-01,1.116850059317669119e+00,1.585241115088061425e+00,-2.465674477515089613e-01,3.183705844689765363e-01,3.910021828574136715e-01,1.364794572613829415e-01,8.540959916127732754e-01,1.328697252911040516e-01
6.304654271825050893e-01,6.753480914890664932e-01,1.922413545399049406e+00,-5.015113775174145916e-01,4.717924431852517642e-01,1.882769163855343986e-01,1.376831009114186211e+00,5.120810831361569671e-01,4.246064193748107507e-01,-3.065841507997880688e-01
2.719044548409582651e-01,8.176199555032783728e-01,2.172415239046705082e+00,-5.756209105645053725e-01,5.668451460923031870e-01,-1.611496945953298232e-01,1.143462429980216077e+00,-5.786184984561525135e-02,6.681320711170963822e-01,1.053949523406528588e+00
5.872698653695127002e-02,7.936983914983737343e-01,6.476033777174030615e-01,5.485957554837840311e-01,1.184828657784365413e+00,-3.009891979075196913e-02,1.924697276318289574e-01,4.178500522441457865e-01,1.259182418912073165e-01,8.390982587274036231e-01
1.144111261580473604e+00,-2.766360103942178128e-01,1.551289497566792942e-02,9.614120333935224361e-01,1.162072259506460536e+00,1.346202264826666273e+00,1.635397959341117480e-01,-1.882660890910716478e-01,1.210503374265737148e-01,-3.566951783889978356e-01
1.309822158392361047e+00,3.902852276106164031e-01,7.548749339123811408e-01,1.155663452064065400e+00,4.625909642338379424e-01,1.339644577026478212e+00,2.677522992286842651e-01,9.139867580132671199e-02,-3.130734002642107661e-01,-4.165659097559542001e-01
1.938554901643619599e-01,9.530302248682391841e-01,1.206749081767212184e+00,1.249585295667290818e+00,4.877063455662801195e-01,5.134252265384431357e-01,2.270632451711606936e-01,1.920197554160099629e-01,-1.883104484008370910e-02,2.135646136539416651e-01
3.550970153247953731e-01,1.289906962421308423e+00,6.348946927886929270e-01,1.539438017692435601e+00,-8.755650013386605257e-02,4.785678418286408164e-01,5.132296513366516599e-01,4.736164073422939880e-01,7.707166009763307679e-01,8.092569904177860166e-03
5.939426492526768131e-01,4.435452226322929570e-01,3.878982830653650571e-01,9.223965897545587378e-01,3.872717706407326904e-02,6.831689071030285776e-01,7.767004492879792110e-01,1.479696438741745224e-01,3.594334599806621178e-01,5.029753146636905398e-03
1.304796798322650941e+00,5.936942648997672184e-02,2.269980612094026073e-01,5.262568328356617142e-01,2.380389155160430870e-01,8.747520714363150596e-01,1.021618370581259372e+00,1.062262596256340785e+00,3.013415234971185130e-01,5.888677775731016029e-01
1.205783961979255636e+00,4.700068314972745409e-02,-2.539300509226221636e-01,4.859982565554283873e-01,7.409582297705851195e-01,8.068027058893054160e-02,1.398578750442226681e+00,3.438776481246491601e-01,5.948198942029457870e-01,1.815873471417387697e-01
2.907709835731487336e-01,1.178473602145275745e+00,6.538820936556770658e-01,8.967569966541256710e-01,1.520741645873517345e-01,9.247870217047448049e-01,9.666582036600736283e-02,-1.286396339392182064e-01,1.505499735508090131e+00,5.200094270036771382e-01
-3.318000498642965090e-01,5.745993290813812271e-01,2.039573513701222307e+00,-6.153505332271740069e-02,-3.770991816285287901e-01,4.369196758570649819e-01,2.738042420540415939e-02,-6.225571607104074534e-01,7.282190127196437324e-01,4.968220322236167052e-01
3.993777130395174124e-01,2.663886268328342077e-01,5.964140149771833821e-01,1.340808746155058850e+00,9.507234330218439222e-01,4.102358304824250679e-01,4.267352043546157603e-01,4.264567777435705059e-02,-2.170708552436402539e-01,6.296902852123752448e-01
2.073216169600032022e-01,1.443074326444425404e-01,3.069037867316063983e-01,2.134437476541071632e+00,2.860655513931585903e-01,8.994920859290579385e-01,1.139059482744276375e+00,3.729079810335878542e-01,3.382210889016343258e-01,1.486921598779103737e-01
7.400482371451107266e-02,8.972189823315180890e-01,2.111119492721862112e-01,1.651459624282527905e+00,5.034315050280994130e-01,1.854994101741011536e-01,1.678656092653217080e-01,1.282180981298564615e-01,-6.801360085100578712e-02,5.682999453505257342e-02
5.512666508968450119e-01,8.868784104331741691e-01,-1.337577764397483715e-01,1.642332968290363349e+00,2.580423233548530537e-01,5.847270892961936584e-01,1.234478108106077804e-01,-7.446955698708120908e-01,1.405211705437913849e+00,7.411599206405677931e-01
7.629515130821701296e-01,2.401778829861535292e-01,5.679950499413686238e-01,1.130824872705033624e+00,8.720405730570517377e-01,9.619265838182810002e-01,8.048585027865146069e-01,8.791770809133875320e-03,1.755310099614399100e+00,4.545649732369010376e-01
5.114844169398290452e-01,4.698438197096607705e-01,2.331354559834467877e-01,4.549433746744861035e-02,3.975817461362000649e-01,5.304526177837050049e-01,1.099532612842621271e+00,4.487986928505572903e-01,1.333077099570429302e+00,2.686895321310922569e-01
5.474223943905497797e-02,1.136440769526935624e+00,-3.791968331593489339e-01,4.067878334431874188e-01,1.312005418406375856e+00,7.861035708561973090e-01,1.511687206659675597e+00,4.660283347739839765e-01,1.016382994880215551e-01,-1.060684531470194349e-02
-4.178900949592261049e-02,5.704661127671465382e-01,9.248736783616454682e-01,1.195786519332723064e+00,1.999145056795934572e-01,8.423969754207681904e-01,4.002051294074273624e-01,1.834098725713461109e-01,6.068619593638013843e-01,3.814009665870887744e-01
1.633754475543510443e-01,5.612441029589372299e-01,7.852102810325367610e-01,1.120858126456248938e+00,2.207257492170131563e-01,-6.096446191803547854e-02,8.605857466409491119e-01,1.164501878552369307e+00,1.332340505742917403e+00,1.330273963756125472e-02
-2.505956500918527508e-01,4.398706403438169543e-01,1.593744323345422487e+00,-5.396209032620852275e-01,5.071612240118646975e-01,3.885776010661867175e-01,6.651878615936465122e-01,1.115998173942481575e+00,8.772571669011101081e-01,8.811327225440386268e-01
6.672398704078479348e-01,5.640529726356855456e-01,1.005088320481360098e+00,-5.089578110069593597e-01,-5.819141383648900739e-02,4.053790650427655518e-01,7.465458581734187860e-01,1.006764259754617363e+00,1.376177158120324706e-01,3.821074927960237955e-01
1.284094747580996732e+00,1.516415651045772139e-01,1.015205871563720219e+00,6.463860079714931484e-01,5.197897500267559812e-01,2.052884974818946495e-01,9.601361751074737327e-01,1.357650043625214575e+00,1.870606781906676563e-01,1.307123690734058319e-01
7.338236515716745068e-01,6.620382516461820188e-01,1.025761657929516568e+00,7.919956461863492114e-01,1.154037322542051797e-01,-1.135567501795352666e-02,5.370079276093332465e-01,9.357401248510336389e-01,-2.254719166799609709e-01,7.714156424787076138e-02
5.891045878233359678e-01,5.535633044758814236e-01,8.137159963291440423e-02,8.113169775711076559e-01,8.889869206189502382e-01,1.326862685160669297e+00,1.540485358521353487e-01,5.132260768044474286e-01,2.369493744759333109e-01,2.895576003447699054e-01
2.836050880310366784e-01,8.860693962598682472e-01,1.084167027341783052e-01,4.647797888156536272e-01,-3.024444751314490643e-01,5.564112666690307352e-01,8.246797478628372646e-01,6.748461585395957307e-01,6.258844785219699336e-01,7.874686993519293410e-03
5.758735024473696784e-01,-2.679757188183787830e-01,2.232199253325871380e-01,-9.787467219970995280e-02,5.385998329441469279e-01,8.654228086153302746e-01,-7.332031503748585866e-02,1.246985830422576935e+00,6.482726967445737731e-01,2.372689981965522277e-01
4.584759036716261060e-01,-5.391047932282813093e-01,1.363411749698568987e-01,-1.746409191806818084e-01,1.190237728652821625e+00,9.365551109772963789e-01,1.755972794834067541e-01,9.049704759273026200e-01,6.443723841668261842e-01,8.033229072594498532e-02
1.195923106930345092e+00,-3.113374047717448051e-02,7.144121212135878807e-02,5.341672293094794632e-01,6.654007343861698676e-01,1.886871239144620072e+00,2.798618283028631720e-02,6.420398952114069191e-01,5.161894679846267264e-01,3.042044238513078036e-01
9.527773475044715168e-01,-3.800125403008809688e-02,4.617920794897729109e-01,6.989991679765362731e-01,4.342197298323270394e-01,1.835414463185946199e-01,-4.106810680593631080e-01,6.184625319551544376e-01,2.595183374255516928e-01,1.833763346819842210e+00
2.208463559766817574e-01,2.563297297610627190e-01,8.987837361024962890e-01,4.643887889957256099e-01,3.655892102004566491e-01,-2.421620516235287457e-01,-5.035554335933926096e-01,1.117736341572959979e+00,3.238200664308684695e-01,1.979522887724519453e+00
7.284072062293934779e-01,-1.280641898806358092e-01,-3.455858222764396359e-02,1.438881127268447635e-01,9.665327309324293070e-01,1.441996056670720616e+00,-6.394984783232368977e-03,5.110304329062210354e-02,1.198148439280313005e+00,6.064237590962093805e-01
-1.104496877577705177e-01,7.154154021520140461e-01,1.608487072234283111e-01,9.588508329468416191e-02,1.783673165173413344e-01,3.182451852089047267e-02,3.539167855572765697e-01,1.362498566813410861e+00,4.617556456944162946e-01,3.563579726133401238e-01
1.490066666382171556e-01,-4.792404481262668714e-01,6.674142956382608793e-02,8.940786810452965028e-02,9.730573515013145602e-01,1.554460697754498633e-01,4.577852127604889465e-02,7.970055990197060236e-01,-1.123255107603800401e-01,1.376562688853149252e+00
1.259369364864919572e+00,1.426225295699008466e-01,-1.156438140746761656e+00,3.545838057836593338e-01,7.267552975018192196e-01,6.672737576547927985e-01,7.373201140288165867e-01,-5.088259024020953536e-01,6.573219598141473163e-01,5.975520391932485076e-01
-3.122831868143811640e-01,8.713594515142384367e-01,-2.805416899626577698e-01,1.409932231081100440e+00,5.724254435942898178e-01,7.610201412775385865e-01,6.745539292911586493e-01,-1.425312985731118087e-01,8.961472097693619077e-01,-4.872913785362202321e-01
6.520870727170516301e-02,1.484033015465724414e+00,-1.603754166874787612e-01,1.402867483447327590e+00,1.862915619268178669e-01,3.674975997534836170e-01,-1.777147630202295936e-01,7.784892991212640778e-01,9.559963504303837789e-01,8.312204734667710815e-02
6.692890971992911109e-02,1.318505421158372659e+00,1.578457434350883926e-01,1.585099732975875086e-01,1.077498850850461931e+00,-8.344821415167430478e-01,9.330279336965507930e-01,1.997296773010484250e+00,1.638395098039412690e-01,2.227542728847803633e-01
1.131743921702480282e+00,-1.192381399620775495e+00,1.636067081587298244e-01,-2.398826615158699063e-02,8.001625632496445206e-01,7.137365019836616753e-01,8.498386871401099052e-01,5.049482414398396291e-01,5.276329400131208880e-01,1.143809947853968501e+00
3.528236210652434864e-03,1.192985397844433110e-01,2.869301225078974005e-01,5.247861706885887934e-01,8.790826027754572447e-01,6.640077016796110954e-01,1.972388676129104290e-01,1.518706885921099037e+00,2.533433160032922404e-01,3.327890147030932999e-01
7.855508950917489130e-01,-7.334943609730181224e-01,-2.772540449056522527e-01,4.081049907876221905e-01,1.573881713132474935e+00,4.599415480312271098e-01,7.782305333833291483e-01,1.086645093604575729e+00,-2.945141929541705283e-01,8.803521080047364000e-01
4.774850336310219601e-01,1.078925351220503259e+00,1.257598069911000926e-01,2.960285881312199607e-01,1.290607473870556410e+00,1.410697117400735445e-01,9.890754187724152269e-01,-1.354202747202806756e-01,3.134817657449536776e-01,-2.094908398152047629e-02
-4.228414047146276250e-02,1.084979437229266042e+00,1.658061440859847080e+00,7.459161490371574166e-01,5.555277542322208939e-01,1.902489353916755332e-01,1.696149715660044410e-01,-1.175063130811663387e-01,7.600787004363506183e-01,1.696263960245587843e-01
-7.625365541748544418e-01,8.090010162827645512e-01,1.270912523995876064e+00,3.329858634553671537e-02,4.559395998041490539e-01,7.374489057623707933e-02,-1.374565512993382865e-01,9.836585544907605616e-02,9.446711871909999614e-01,9.271652690345595360e-01
1.279825008111288021e-01,1.347722691245019089e-01,5.916154036903444879e-01,-1.394840028229137330e-01,1.250277004125733837e+00,6.853802821208733187e-01,1.408472123709301860e+00,1.415780616760872856e+00,3.017413302559855959e-01,1.398961398289866320e+00
1.156917384411461969e+00,-5.876518775954502338e-01,1.634170673509202920e-01,4.303722596811546119e-01,2.125350283367754833e-01,1.619833043230613223e-01,1.913985254406906922e+00,-1.959288481958084971e-01,3.906991337636506190e-01,-1.261067201814019267e-01
6.244387684826075563e-02,9.888315019394970928e-01,1.686159351422843455e+00,8.514941439195579109e-01,7.255347881634347518e-01,7.208708277463118375e-01,-3.200668130825000679e-01,1.879073921191625196e-01,-1.033705201674270935e-01,-1.710279925192993988e-01
1.356588384958389737e+00,6.076790079379303933e-01,1.255194715551536389e+00,9.103006893223023477e-01,1.487925079634916381e-01,2.413547795198041079e-01,3.167310862226074136e-02,1.303102476931802256e-01,1.032120349102369605e+00,-2.237628495145540519e-01
7.030301617212192378e-01,1.223863401249286387e+00,1.851020840296609515e+00,-4.600138647619900767e-01,7.312302759670388785e-02,1.180345194762682653e-01,1.214447084577329194e+00,2.685666085979612761e-02,7.180910854779750663e-01,4.781652795144262780e-01
8.517519779392620505e-01,7.715453760648383064e-01,1.556273316093017112e+00,-2.656159745830269925e-01,1.792415112190186843e-01,6.340800961211852382e-02,1.470116180093477887e+00,2.660290810971192577e-01,5.689118034091798781e-02,8.409919742890873406e-01
5.226661905212731662e-01,1.994127478560767663e-01,9.941882143893369106e-01,9.378707393981898788e-01,7.904312165395408485e-01,3.380752846646936649e-01,5.765134274008698601e-02,1.199984240024389415e+00,2.734194187290636124e-01,1.230848244812342340e+00
1.311259393739277579e+00,1.949476393704028532e-01,5.402364188316649551e-02,8.154659662542560472e-01,4.534488218421429684e-01,9.377588576321530534e-01,-4.074288879831481913e-01,2.598962320708519957e-01,6.324665262784227027e-01,2.525611786893297572e-01
8.539881264006911055e-01,6.922109251633810079e-01,1.640957441309554898e+00,6.336076948469808734e-01,3.682888339132028288e-01,1.315151068189795325e+00,2.535752503259944279e-01,-2.708090205633461034e-01,8.128929724875567919e-02,-4.073531743125677895e-01
5.689582623801408001e-01,1.144457172318257498e+00,1.360788410435875395e+00,7.743484939452138782e-01,-2.266402792123021204e-01,7.074051740048495907e-01,-4.974171512559773523e-01,4.867694168480430350e-01,3.202657489121265577e-01,7.367929929790832944e-01
6.310312719948483196e-01,1.109531152487330141e+00,5.376911648419055445e-02,1.929750527131942617e+00,-9.287597902086047741e-01,3.208702849676429159e-01,4.252626274792838945e-01,4.030143069848090009e-01,1.075952526803258369e+00,1.495155044882912065e-01
8.272310656101853343e-01,7.799520812539317838e-01,-1.697274397848340943e-01,4.355920049102798286e-01,-3.827290880213688462e-01,7.069580480892942997e-01,6.458180261662473942e-01,3.454140536803674277e-01,1.279506550034864798e+00,-1.323240192021968298e-01
1.499140569373566212e+00,-2.694277311511217854e-01,1.788194828820383886e-01,7.890098074435626385e-01,1.445363905926791703e-01,1.348310843425789995e+00,7.439808047060496587e-01,8.023272780621446554e-01,2.340679849721396810e-01,-3.662780968444843688e-01
1.049536218232719476e+00,1.675612273059903512e-01,-5.278126895642671901e-01,1.308152333963530811e+00,4.829389250108125919e-01,9.616565491626711815e-01,1.385566751608462210e+00,9.143726952835314892e-01,3.942419703943929599e-01,3.691549502933121896e-01
6.269391377604681681e-01,1.373850703398619144e+00,4.058547743577259892e-01,1.115274991734932053e+00,5.203991741313183234e-02,8.813793407977927874e-01,1.015154704002223740e+00,-7.088716402860019139e-01,1.334602058162732252e+00,1.641278526253183989e-01
-5.512039215143835769e-01,1.178270028449673212e+00,2.321824260123532824e+00,-3.567081664803708474e-01,-3.238259711299804056e-01,3.234740990359394330e-01,1.080045915742967738e-01,-6.282783278720083242e-01,1.140072110759026147e+00,5.448937691904013336e-01
7.692861849912630001e-01,7.341702956509568168e-01,1.331452661645801394e-01,1.366820907362450654e+00,8.797742337278414704e-01,6.408796198940917010e-01,1.366069378125487066e-01,8.815134227728022021e-01,2.227373733383931353e-01,4.493386099559931735e-01
3.319082219821419266e-01,9.789074943140613216e-01,-3.705851572816170475e-02,2.017834532521238788e+00,1.196994732780667370e+00,6.962473615461994836e-01,6.739621311751338162e-01,1.317436574851978404e-01,-1.581090437718258301e-01,3.324136520738593670e-01
5.055652921962716650e-01,6.584987184803937632e-01,5.792678953537848674e-01,1.790770235749357564e+00,9.303172922150023672e-01,9.773011346163608115e-01,1.660326703845701191e-01,5.751537091600902318e-01,3.647108998291161974e-01,3.138693620464221290e-01
-1.229615813467000163e-01,5.173749874711218721e-01,-1.455674289284346057e-01,1.832869740523916491e+00,6.045747710632644045e-01,1.324787747208395983e+00,2.629318584869748121e-01,-3.774196302607655262e-01,1.176713431440359781e+00,1.145309269143813397e-01
-3.519538828310157796e-02,3.722243998647290497e-01,6.514900243101892086e-01,2.930016671934617678e-01,1.827317517294045068e-01,5.873281125385281243e-01,1.044179588645384849e+00,-3.659955480911173398e-01,1.649725692845493308e+00,4.636316836524124185e-01
2.134272564828532670e-01,2.974532300476369698e-02,-9.919992418117612454e-02,-1.026213839757800783e-01,1.026551998451675995e+00,2.958542207846569516e-01,1.189331075062367349e+00,-1.131573466032752828e-01,5.877705549501085480e-01,7.014657971694363559e-01
6.360424843236937020e-01,1.169322360118291826e+00,2.426129572561916137e-01,-5.121350103640205653e-02,1.242092687536798135e+00,1.197595941815981169e+00,1.550576221387926390e+00,8.859679133141930008e-01,5.701852972311508561e-01,-3.833636819682056940e-02
7.116427312969535457e-01,3.925631882492507940e-01,1.144010023970774226e+00,1.182707730485741626e+00,4.592753846985009880e-01,7.016686615041446695e-02,8.903598116522501993e-01,7.738377196196146723e-01,4.262332975419029224e-01,-1.059602324193629902e-01
3.301161652922378065e-01,9.136131995351650659e-01,8.804728106145282007e-01,6.316841503642085520e-01,6.942271407469293720e-01,-2.189357027279233425e-01,2.407398714802061190e-01,6.015019180198950544e-01,6.030333765620952136e-01,4.095679971733205971e-01
3.618362396141743265e-01,8.288572302997695429e-01,6.882613457538203638e-01,-9.066454028488275529e-01,3.214651498577624222e-01,-1.088729560560073861e-01,5.032988194333803955e-01,1.251552933451959726e+00,4.676278054973818099e-01,2.911811333735762064e-01
5.316394015428373976e-01,6.615219108349019717e-01,1.339710045519351134e+00,-6.856617088847480890e-01,-2.236259127012173997e-01,9.465173143675408296e-01,6.209718342495660348e-01,1.530103695761280580e+00,7.156377327383445230e-02,4.952737063235678749e-01
1.185531907831298026e+00,3.439972586410732225e-01,9.413036896066794279e-01,8.753372324719026210e-02,-1.557212316120406836e-01,-2.983693775705556495e-01,4.020129052893451904e-01,1.374073845158071405e+00,-3.359771814078973406e-01,4.442793662753622419e-01
1.063895898215877489e+00,7.735842247663229365e-01,1.002048164737212144e+00,6.636651649752697280e-01,-2.972147126885285595e-01,-1.552560900080982298e-01,4.718424871840183332e-01,4.399089584206203885e-01,-2.448423444534982285e-01,2.762102619035016748e-01
1.125364338678459114e-01,5.090987722403786941e-01,6.942523903390841744e-02,5.990852084325046789e-01,8.894350236529863230e-01,2.152312218116980258e+00,3.166761261492438001e-02,-1.481755299662804171e-01,6.315733525868133524e-01,2.257649679970837597e-01
3.903221543347943356e-01,1.005680099830671415e+00,5.944376041798571375e-01,4.648088744253750515e-01,2.771999375840847879e-01,1.471596032648248842e-01,3.830764424643318677e-01,9.422045946818824458e-01,1.106843240895725611e+00,6.246936642308270615e-01
2.285110846969983511e-01,-5.769014182609184110e-02,9.924230970991075873e-01,3.343455393787970742e-01,8.437352862731628544e-01,6.258186755674387536e-01,8.465306992943180675e-02,1.502974116066424282e+00,6.247498823598824913e-01,7.693137604532991336e-01
1.053249490010189637e+00,2.937450727689855934e-01,3.216928483554345464e-01,-8.827730404928105234e-02,9.397607696171210723e-01,1.150132294498301899e+00,7.923458496617701297e-01,3.113437475054548487e-01,1.242078844969545903e+00,4.727973213146475784e-01
1.069431706339785126e+00,7.858983526852002521e-01,6.277762100604097339e-01,9.989943178696583104e-01,2.254158544153306021e-01,1.616753706451377282e+00,6.949407904830663674e-02,2.830037330013822627e-01,4.712821650528011275e-01,5.807337161634997802e-01
1.117788976073854412e+00,-6.435723018800040829e-02,3.279305296490049870e-01,1.365285867172534529e+00,-5.006147525468171433e-02,1.832350469192044473e-01,-4.551384487173283366e-01,8.879013849365535727e-01,4.578647343830969940e-01,1.076017560287555908e+00
5.197435807230377236e-01,2.373670801209488979e-01,5.254233331309117183e-01,3.675128775132026626e-01,7.174228668163622480e-01,-2.659788945040227892e-01,-1.365008738474312866e-01,1.310486253590443129e+00,4.605978802323333898e-01,1.515022732987424847e+00
8.000125697479404385e-01,-4.068771219222815094e-02,6.746118876707707379e-02,1.774437097537789332e-01,7.053069841937157358e-01,1.112164618264117610e+00,-6.740271940210119661e-01,3.584175980129526984e-01,1.042457075425862856e+00,3.650048148263244085e-01
-3.487896341703316527e-01,1.034521788912172280e+00,6.970096936672297572e-01,2.769023013709199788e-01,6.266796184428381489e-01,7.165236194209479992e-01,3.805165300716644161e-01,1.136994436247907636e+00,8.973287486600853846e-01,7.545751698254797857e-01
3.250222127639224023e-01,-2.343706875685014068e-01,-2.097673826927275442e-01,8.864355453265784224e-01,8.533063745389734001e-01,-2.478875791699623743e-01,6.050169921401949737e-03,8.687527231163354458e-01,-7.943745264812119844e-01,1.955542531437580722e+00
9.739340803978349115e-01,-2.413152167239104584e-01,-8.616843030084246902e-01,4.470424987579754150e-01,9.962795942781549341e-01,9.796397836529832093e-01,1.353915769638670330e+00,1.018708679878855550e-01,1.039402300702710669e+00,9.286171292662921406e-01
-4.190625591498328140e-01,9.636713811581909539e-01,-6.712196398791495100e-02,1.004524814883684725e+00,3.685793742626539138e-01,8.348284227710649485e-01,3.206500475351241053e-01,3.582953662187276511e-01,5.283445566032021201e-01,-1.416386470525068941e-01
-5.378492923836166728e-01,7.080515004391358946e-01,-1.436172366665746346e-02,9.350180362980385906e-01,8.416098309671882216e-01,6.410896851176216549e-01,-1.966520631976452216e-01,8.262499245431972339e-01,8.741764691871315440e-01,5.315425961661048859e-01
5.077464132213372894e-01,9.741554583492948449e-01,4.158530948640116742e-01,2.117267027958508463e-01,9.727110233611596657e-01,-2.126580079466674003e-02,2.815590588989241305e-01,1.185930310815342947e+00,9.500702827068849832e-01,3.983677359169932042e-01
1.711150796823300846e+00,-7.560793982252210776e-01,-4.512055331673094083e-02,4.788085591259214069e-01,-1.003401109600024835e-02,8.089671873252775036e-01,1.276890800894930456e+00,5.343456411240014026e-01,8.120454510167205431e-01,6.362152601697413923e-01
-1.383599720832693336e-01,7.981067786795948971e-01,1.712658982463130530e-01,-2.550598394830070892e-01,4.375960260982534322e-01,3.612740613564164871e-01,1.061965043827428901e-01,6.710332503077099942e-01,5.540404226636732599e-01,8.081904496564176199e-01
7.262668334947035564e-01,-2.746195151195440776e-01,-7.925543537038877429e-02,2.042282186322445514e-01,1.330711549968176088e+00,1.007465240057200603e-03,5.897711414824592380e-01,1.126860232645396254e+00,3.367977508554703681e-01,1.113414559441608276e+00
8.560279574697310379e-01,2.975311441205508722e-01,2.025588833799668309e-01,-2.907962428507568919e-01,5.287410424790589536e-01,2.584280878948965743e-01,1.462602779540056686e+00,-2.453307846463689268e-01,6.282800817496264623e-01,-1.462705073357963570e-01
-4.936512527915541404e-01,1.054014173382575414e+00,1.573005000386779262e+00,3.998269715740634944e-01,1.284170888261176646e+00,2.368333153612131037e-01,3.336511952793900226e-01,-4.589441033608663845e-01,1.050644213683694206e+00,3.674064104011355858e-01
-3.345285789403010246e-01,7.485515716199360181e-01,9.377016520719666515e-01,2.962342788029102003e-01,6.277682590719151356e-01,9.196859467807179389e-02,1.980646692716159230e-02,6.402949674219906573e-01,6.182896294969746354e-01,1.633217692191052617e+00
-6.136891059415837402e-02,-1.908063138218702992e-01,-5.179431337654207684e-02,-9.626652879242542094e-02,1.016742888404466250e+00,6.853970340110787651e-01,1.661973428615694415e+00,1.380586210240466016e+00,2.191612625438284778e-01,1.246565158631529835e+00
1.338865752514563301e+00,-6.663215493701244441e-01,6.070886898649109353e-01,5.160681330335784578e-01,6.720486515573305120e-01,-2.003503488080793649e-01,1.966181320379197128e+00,4.861550070345289076e-01,-6.985874344460160645e-02,-1.343166649565755988e-01
4.169481817554194225e-01,1.506296958325502311e-01,1.021761268315184434e+00,7.582504015900294325e-01,1.047170440790591517e+00,6.042503113855618446e-01,-4.633271502629350280e-01,1.318826600634557811e-01,5.596805777881367350e-01,-1.035342089302290214e-01
7.820068872051917364e-01,3.039652694561871815e-01,1.415098366443588551e+00,1.482864607641519061e+00,3.317811899545425880e-01,9.701941381448639934e-01,5.795712390884072418e-01,-3.324167072827893810e-01,6.919644678966847540e-01,-5.237162194208724308e-01
3.720420329841932494e-01,1.210402093329478568e+00,1.313037232290312328e+00,-4.280789629111945160e-01,-1.781341315867687181e-01,4.702917198841018442e-01,1.093025936807101361e+00,1.709451019006586470e-01,1.405723298961413237e-01,-3.324106495433911124e-01
5.224805649628155857e-01,2.772424568662939515e-01,1.370120334180481736e+00,-5.674058513318434027e-01,3.542275017033479356e-01,-1.992646653252849176e-01,6.476595615280932305e-01,3.892787461087628964e-01,3.146993161318310805e-02,2.160315209355286592e-01
-1.996337849851065674e-02,4.208102703788062504e-01,2.589967421319128160e-01,1.092681853711354290e+00,6.103004493900321403e-01,-2.686016037775748044e-01,1.734277851630361966e-01,7.362491571036138271e-01,3.559462325253614501e-01,5.802982345009977116e-01
5.850794033063339006e-01,-3.281505635014464461e-01,6.688707965475285122e-02,8.608252836173463374e-01,6.687855238859018447e-01,1.245557244643193284e+00,5.652476555361819477e-01,2.694383895431985976e-01,2.870412259552843071e-01,1.939223633740540798e-01
4.292946845544722834e-01,4.379185819956870618e-01,1.016734165129047129e+00,4.281293183865201857e-01,1.495157357729557934e-01,1.027730287719512026e+00,5.732440723334876198e-01,3.844008444044381689e-01,5.995379804129827850e-01,-7.103654803073047308e-01
3.078894540489834561e-02,1.195404183435155865e+00,1.059781840227590033e+00,1.636842368138588411e+00,4.681485000224803183e-01,1.067039693195967587e+00,3.284527337000854863e-01,6.065018217259944278e-01,2.615927111530514174e-02,-2.060685336059035200e-01
2.547580325885852592e-01,5.918465347389503250e-01,5.607374239497433521e-01,1.185426494116194940e+00,-7.473818117397108551e-01,1.125164018869448723e+00,6.364359191068700294e-01,3.652500636116112198e-01,6.046278334231767193e-01,4.285248763215956380e-01
5.841484886790653253e-01,1.523346277566558216e-01,-3.768203574714562021e-01,7.638363040565603335e-01,-8.073402757893631820e-01,8.769607056894270780e-01,4.606592076808310177e-01,7.335435461663667445e-01,6.551777856550672352e-01,4.841476477827869052e-01
1.251426415509703238e+00,3.523533468326193185e-01,1.582620930220263455e-01,1.132029531772518194e+00,1.777721711973428154e-01,5.795503126698781093e-01,5.261425814063572792e-01,1.013890266257465589e+00,6.643059640277008127e-01,3.037804477915969081e-01
7.606848173835362159e-01,5.755510608749194734e-01,-8.119335706619377202e-01,1.194206964116740544e+00,-3.847500819425692109e-02,2.606769766625183227e-01,5.668525129020919318e-01,1.124955162763318972e+00,3.403399359808026992e-01,-5.622742489821418860e-02
3.360561059898781178e-01,6.875218157983158385e-01,1.980500923238228406e-01,8.540481988881840625e-01,2.158335731658791723e-01,5.198930766359756150e-01,9.444305881383260326e-01,9.556068396496160411e-02,1.510218061737986783e+00,1.892093282730044346e-01
-3.457661467402952521e-02,1.496583331896292002e+00,1.899622819875123492e+00,-5.142808728649125305e-01,3.493518663721520978e-01,9.414161542225436830e-02,3.781880636428068543e-02,-5.983088839534390635e-01,4.521573962671401326e-01,1.037780790681367638e+00
3.221121614782325171e-01,4.617188964685164376e-01,8.717255635314887785e-01,7.790388978690357957e-01,8.436714344214121253e-01,9.299676168029109569e-01,6.935105780657676577e-01,4.463164147110409430e-01,2.864081018272219836e-01,1.078864047598431658e-01
5.468243051663913556e-01,6.654526182362802134e-01,1.610171757470641174e-01,2.049326982321624246e+00,4.730508999252699409e-01,4.191289731313848632e-01,7.508685393264880048e-01,1.013072793434954599e+00,8.229724486205029776e-02,2.930228734776568200e-01
4.897419424379091391e-01,1.165061602110507133e+00,2.040394127513179001e-01,1.793935205680005973e+00,8.327086113000186085e-01,5.586899173196663293e-01,3.033576293090400333e-01,-2.057851499095888770e-01,1.400215535070905570e-01,-1.650324040793126890e-01
6.992327789888821976e-02,7.365094022466602830e-01,2.605247094836446453e-01,1.901628878558847546e+00,2.433596124730514343e-01,1.028464386398481478e+00,6.632400463621200837e-01,-7.239822044758342789e-01,5.320578592967540876e-01,5.464879989841724406e-01
-1.702658900589851532e-01,5.316535139737303961e-01,4.438787610683371243e-01,4.900832294746848006e-01,5.645132087797617437e-01,6.704146302078052289e-01,1.074441103886029536e+00,-1.625301369402160079e-01,8.363226614756962274e-01,6.250539626079920641e-01
2.732473902405903599e-01,7.637315802084990723e-01,3.529821958045781805e-01,2.700150798221944912e-02,1.103307921352215226e+00,6.937753591788349272e-01,1.023885821588873313e+00,1.370705389207329261e-01,1.308804895793893586e+00,7.474647577395669984e-01
3.917680065028515402e-01,1.171654802375315496e+00,1.535004348731511259e-01,4.209440938898549311e-01,1.513587802440475638e+00,6.572091627625323840e-01,8.944029677279865531e-01,8.152880288052357649e-01,1.260470412261846807e-01,1.729497206380405938e-01
3.351477865346896290e-01,8.788233486176461051e-01,8.942896066932541910e-01,1.525429141249749598e+00,5.055598450591272108e-01,1.102167283726472047e-01,6.302220224425352235e-01,9.771164112513134326e-01,3.870223219163818063e-01,3.214353977659847872e-01
-5.230600195633302585e-01,1.425275001518242490e-01,8.020901464572878226e-01,9.244418103294489431e-01,9.836037149692987702e-01,-1.848417476693912653e-01,5.999431044672927094e-01,5.247880991960233166e-01,6.288351735760088213e-01,-1.885638234015429016e-01
-3.550660237516310991e-01,3.457443530166435242e-01,6.732408646804561858e-01,-4.047162543599579498e-01,9.045505090547455440e-01,-3.983570557607354345e-01,7.048706201346784939e-01,8.542084958311632059e-01,1.046541157191936744e+00,8.467232305079472887e-01
4.357237520251551754e-01,7.543475728197392982e-01,1.473002813310263504e+00,-3.145555305497004794e-01,-1.458207607878083123e-01,8.336293314372514862e-01,9.150394980639771081e-01,8.283047453140877092e-01,5.482060496944949346e-01,9.713289525638708621e-01
9.435178147684420980e-01,3.199970830575942643e-02,1.325744330066692456e+00,6.757524820252085451e-01,2.409779708195021464e-01,1.953175900767374629e-02,3.318619089975513581e-01,5.779832450309786429e-01,-5.691383533351387358e-01,5.768458893391686937e-01
9.079855174563356002e-01,6.516535635219515843e-01,6.159262769153887040e-01,8.031295718199852329e-01,2.810206551457526958e-01,-1.286045230645061488e-01,1.436253566945997207e-01,5.194736118898876098e-01,4.291788660946938005e-01,1.892924135324303148e-01
2.725770054152787392e-01,3.341682928629460814e-01,2.681541795797284244e-01,2.505303620533833597e-01,8.759378841039222596e-01,1.361653078130802275e+00,1.196768767907663567e-01,1.843144913736923518e-01,8.829578696648415770e-02,-8.048364319665293753e-02
-2.095213652941779470e-01,1.068114615507392173e+00,6.278073970238834400e-02,8.633288455819970730e-01,-4.970281917786423809e-01,3.177905051644625556e-01,5.890365520298156410e-01,1.234575434824996210e+00,5.459765548966964976e-01,-8.794309979767095387e-02
1.479485988495939618e-02,-3.030220653673902365e-01,6.543886883876729454e-01,2.639571428327570080e-01,8.537997723747682288e-01,2.731474060656736702e-01,4.800033395200791753e-01,9.835014689090555429e-01,5.965872511331362649e-01,4.555673114230469611e-01
1.489522813903444654e+00,-4.458480780237805141e-01,1.951123658985648712e-01,-3.668430496524496265e-01,2.359959867667013600e-01,9.579217881696502346e-01,4.051389481706516582e-01,5.858962334435945385e-01,9.183058713618602598e-01,5.102495972268445978e-01
1.000171893595654060e+00,6.926615478599463804e-01,4.305355622558367235e-01,5.319380887661671053e-01,5.977764121325277458e-01,1.888090801764543691e+00,1.693855264941390437e-01,4.723610029513948816e-01,8.622569821051739858e-01,8.306101278331290416e-01
4.688948609925039368e-01,6.224820356268488952e-01,3.482041019102422585e-01,8.894379275144308483e-01,-1.546519966790751155e-01,3.630744807210478653e-01,-3.659401430334170424e-01,5.196326849469082854e-01,3.334894487792528731e-03,1.124831873411958227e+00
5.615327899101382192e-01,4.343307904576992895e-01,5.087907453700112326e-01,9.645707936348997258e-01,3.597196423651358860e-02,-4.345881257927444730e-01,-9.252324340872719599e-01,6.740354822504736054e-01,7.921243761823237861e-01,1.526354513781777111e+00
1.127441178459164917e+00,-2.540215409148998127e-01,2.552232753891445216e-01,-5.108473842397703857e-01,8.143561777556195258e-01,1.820809425351313404e+00,-7.721838771147085390e-02,-1.684062774984938227e-01,1.099595929546751227e+00,5.155127075342830212e-01
-1.642090418350195327e-02,8.149090293300822463e-01,6.975513457213915469e-01,7.439524212888478649e-01,4.827974644926327774e-01,4.086274613156114510e-01,1.162085220969895361e-01,1.201220209520538429e+00,8.213356052885969483e-01,9.801717269223439999e-01
1.136721371493888855e+00,-5.298099452569973375e-03,3.822840047756466686e-01,3.183434474406541259e-01,1.108912360293922816e+00,-5.579750432473257193e-02,1.109199970854616996e-01,8.034573723245758137e-01,5.857751873734235587e-02,1.912621168081913403e+00
6.707851928183363732e-01,-5.203443305841249922e-01,-2.580719580513670675e-01,7.337949474184177756e-01,2.452286436260525948e-01,5.321588753589472365e-01,9.900248076341167103e-01,8.890085097151943783e-02,9.565712113054305465e-01,5.438434199279914560e-01
2.669106367463880969e-01,6.959701504208350986e-01,-5.536818688103372077e-01,6.959015990862452705e-01,4.923567000992120635e-01,1.376095602800832873e+00,3.835683008273207961e-01,6.916416277019407088e-01,8.253697463822413649e-01,-2.074900279179212881e-01
-4.359351329079674264e-01,1.013934746905087225e+00,-4.718959517700451745e-01,1.009735881136303304e+00,1.273654735114131686e-01,6.277492146416796537e-01,-4.953725699535665439e-01,1.341901644620409950e+00,7.459271410872279073e-01,-2.262429965453411074e-01
-2.460995291788640738e-01,6.204373403046908875e-01,6.176109827390292573e-01,4.072395322232229553e-01,2.940213133794346567e-01,-1.367616609655017967e-01,8.026496328298544647e-01,1.773793744401979788e+00,8.043022605878875630e-01,3.919383312482075388e-01
1.282922056277933098e+00,-6.799752872922538716e-01,3.264020216840212152e-01,4.598702594797166587e-01,8.156010047494514081e-01,3.072486287457304455e-01,4.507060005592825047e-01,5.890924717220261675e-01,3.366604071441738899e-01,1.184873679476916797e+00
5.305563843853421391e-01,5.647472585439485826e-01,8.775854540987356733e-01,-2.443638509539937942e-01,7.043234747440798582e-01,1.026549275381261950e+00,1.856383946357603454e-01,6.279322436303483856e-01,5.621658193136741533e-01,9.913086529838854855e-01
1.151734403560288555e+00,-1.191867042709381930e-01,-4.561378468918280693e-01,-3.841079247293067711e-01,6.691700801950550836e-01,9.370139546875571046e-01,4.264156265205525376e-01,3.170347898102833240e-01,1.236374357221720066e-01,1.019287503761928226e+00
5.124906333787346835e-01,2.742373927103733955e-01,5.008713897968856132e-01,8.919797734507736720e-02,1.381401429757429744e+00,5.431768880484952877e-01,7.438728087242386655e-01,-6.767398936237317697e-01,1.089438438645676799e+00,1.828963242887450824e-01
-1.975304562969514843e-01,9.128715373662118493e-01,1.186128197989305022e+00,3.388084099378836922e-01,1.057844103247196355e+00,4.946734429976571423e-01,9.166470769640981953e-01,-3.694798489038757516e-01,7.036578180513217151e-02,6.880642155826899309e-01
-4.109022263584288237e-01,1.645221898881515932e+00,6.710276340503373849e-01,2.925311790050053040e-01,7.763390084953576409e-01,5.026065639500613136e-01,3.672309279206426025e-01,3.725684068448081865e-01,6.050588178439475495e-01,1.257574366458325210e+00
-1.352078848688771373e-01,-6.297347397092781240e-02,5.498415687107724992e-01,-4.439861580307823963e-01,6.001418749677069897e-01,6.723469871474965776e-02,1.447929321474697328e+00,7.006236134657956027e-01,-1.873343868167816617e-01,5.721859535388953422e-01
1.202526634945044970e+00,-6.083875108458974834e-01,5.448632826146033725e-01,7.872285522497892707e-01,4.388384676738789070e-01,-1.925962214855866939e-01,1.609893310860407656e+00,-2.123147029567293287e-01,5.250189418125363883e-01,2.673402343265165459e-01
4.889333268470071880e-01,1.749212965689373456e-01,8.988344429014221149e-01,5.177057209835208562e-01,1.014886108549651333e-01,1.143080955590330294e+00,1.232934700182457960e-01,7.704976111276266026e-01,6.046239970506546157e-01,-1.607065332378091738e-01
1.118989955107555945e+00,3.397955214491467091e-01,1.001294891315092306e+00,9.353152108651230368e-01,4.701476870199381985e-01,5.102769896012663287e-01,1.998252125988634331e-01,2.241410552975550974e-01,8.897041933211675691e-01,3.070190460097640406e-01
8.550202038881055122e-01,7.373884808599271423e-01,1.574723644790597010e+00,1.466439197573278508e-01,-1.808291018411527784e-01,3.624768298933165322e-01,9.112123674012363450e-01,2.954997317797810608e-01,3.398360273978492385e-01,-4.477755823186313489e-01
-5.218113296351845759e-02,7.645695602332764906e-01,1.497275980841356935e+00,1.255457270447213614e-01,7.665878938422909794e-01,5.410309229404856174e-02,1.488878082487244514e+00,5.637965843259280796e-02,3.428257383000904990e-01,8.475234075306482540e-01
1.152446025316092304e-02,8.827106380190516965e-01,6.448449809698191260e-01,1.131892560510067591e+00,5.338483923251193808e-01,6.336590756930789992e-01,2.897802815056824133e-02,2.687700989931828266e-01,4.629076888711990967e-01,7.861366476017529470e-01
1.382118092199783765e+00,-3.501384237878415462e-01,5.275032842089142360e-01,1.378442944196070163e+00,1.215160555679046794e+00,1.118749787329122780e+00,-2.799354601993346292e-01,2.071013568596549725e-01,7.275150156802577817e-01,2.727774320296045274e-01
1.204573710353157745e+00,9.666546651722435213e-02,1.381208632260097602e+00,7.923742575433662116e-01,5.409251709282991705e-01,1.887969080292160262e+00,3.958593017852842233e-01,-2.558599202033146613e-01,2.604017775474630758e-01,-4.903987083376454836e-01
3.621892024918569875e-01,6.432366341826954992e-01,7.594926801540112793e-01,1.594656761902710551e+00,2.695886653907176300e-01,1.048006819530446387e+00,-5.102036444167369345e-01,1.689477594219116197e-01,4.924549740051022140e-02,6.634779254812021021e-01
1.046463720488271854e+00,1.087776960215802058e+00,8.622275459841991507e-01,1.771625556366158039e+00,-2.987963275292698784e-01,4.508387433897259045e-01,1.388614598079040141e-01,4.880475636638920145e-01,3.415765422932138806e-01,4.103660988606207538e-01
7.300395025571703167e-01,4.384002523839801713e-01,5.171290879371310822e-01,4.882476799407636237e-01,-9.732937067488961480e-02,1.369884882125748549e+00,8.784508913768429572e-01,8.850133588077715441e-01,1.125762535994682123e+00,-4.720959571488445722e-02
1.183742882890162607e+00,-4.014524213321422896e-02,4.470928899254326683e-01,5.713035830958743677e-01,5.159515483338227293e-01,8.402839872407268373e-01,1.270483066895761182e+00,1.084835009558435592e+00,8.732986812618197536e-01,6.092657345248436718e-01
8.405981462042368957e-01,-5.412076556777364184e-02,-2.178408409869526385e-01,1.161074983005503602e+00,3.373005557219995176e-01,1.060293076419964065e+00,9.686707478453692177e-01,1.004497397856368712e+00,7.055488250344996715e-01,-3.289757270661582134e-02
-7.513992469785700512e-02,6.863219474632693551e-01,3.002946819413694901e-01,8.777254483896140824e-01,1.293438182140723737e-02,5.895568465553556736e-01,2.583143810792158379e-01,-2.182402859078756696e-02,1.247441370904591285e+00,2.311972159996406595e-01
3.160591728084156671e-01,1.283551292346484018e+00,2.187431264064314984e+00,-5.187752251298541895e-01,-3.037923141373739463e-02,8.896993777655183289e-01,4.038291052908186685e-01,-6.695644514733337660e-01,1.101512188441170492e+00,8.862257553551322609e-01
-3.532765480874520969e-02,2.563921007229871263e-01,4.993721292030722098e-02,4.021510810476993658e-01,1.043273437699997475e+00,1.305419535728215849e-03,7.088466696835677983e-01,6.665799642254902624e-01,3.868926116237855761e-01,2.926801167300548956e-01
4.381839501727432529e-01,1.671956292501958208e-01,1.608590489067003929e-02,1.474998854439178331e+00,2.611551527572470999e-01,5.460686997998334125e-01,1.032544876553448843e+00,2.163168995466282496e-01,-4.814603194894713778e-01,2.207652788072797800e-01
4.761304243507498701e-01,1.395174239796265647e+00,-2.059168796654693712e-01,2.263419688479135328e+00,1.344966475562667130e+00,3.150098576111142190e-01,5.729158551534747623e-01,5.023170480744576505e-01,1.106119834324117111e-02,-5.015327091776606433e-02
1.849084500710884704e-01,8.223348853911144341e-01,4.401187400131737482e-01,1.033552175002817375e+00,6.074264076034325832e-01,9.088985078939323392e-01,1.560647460486545290e-01,-5.293268544278326715e-01,7.762652709912217786e-01,9.058397135839930669e-01
3.179267009901677599e-02,4.268400437160065758e-02,-1.229296783512608127e-01,9.467579312509165623e-01,1.070824268833046045e+00,4.628338678384059657e-01,1.076817141042141213e+00,-3.229945796635420585e-01,1.104397544724987190e+00,1.126601750463438689e+00
7.884848101113196561e-01,4.123147882760159755e-01,5.656260640669633633e-01,1.092114078126928817e-01,7.560090074340936050e-01,2.351393271144829600e-01,1.129992317665998725e+00,9.490920321368234713e-02,8.420618702759588015e-01,6.828630190415579948e-01
4.032095838254892151e-01,4.507469462559385853e-01,4.555619519301716824e-01,-3.397436282045280809e-01,1.019006058784731383e+00,4.985683935614540485e-01,7.643614599834339662e-01,7.052577874313110673e-01,4.175601021692845055e-02,-4.055124539212623391e-01
2.596666247659455973e-01,9.496060309817668799e-01,4.972686233067291073e-01,1.279721011934348063e+00,1.365905585302882586e-01,2.657705372769066376e-01,8.876535451691983658e-01,8.248055410814084665e-01,1.249670746943577215e-01,2.547023359698697975e-01
1.192374727442351290e-01,6.890143059163355010e-01,1.126997582440475432e+00,6.651620982952217709e-01,2.793493391164501502e-02,4.116466175120932214e-02,2.729902670523545183e-01,5.185607488340021609e-01,4.887597125288101196e-01,1.372225953552586308e-01
1.700443903124056466e-01,7.254135952438425239e-01,1.173578259887651631e+00,-4.665156087863676082e-01,7.182640600226309902e-01,-6.117337054558520393e-01,1.319162769649858402e-01,7.484955667812882574e-01,1.308684015839445047e+00,9.647679923805414504e-01
4.507975548447442082e-01,5.369252194634255293e-01,8.900804590295026131e-01,-1.106893916089876306e+00,3.875206153264319081e-02,8.609187175513882684e-01,8.405929827009857025e-01,1.534985608679502178e+00,5.832524097223305004e-01,7.277661530892328701e-01
1.057828630918070001e+00,5.237869842906762718e-01,7.607825329847417439e-01,-1.093044704835990227e-01,7.282736609384125037e-01,-7.542217496313087521e-02,2.327787978296734228e-01,6.234548223199161132e-01,-7.229370016873557514e-01,8.538396007183473024e-01
9.143708619060917364e-01,3.894347052900900552e-01,9.604186590942018764e-01,9.747965198546807430e-01,2.740203865255280702e-01,2.561993525343202460e-01,8.619597522405368639e-02,8.918063185483953159e-01,3.553073239648515402e-01,-2.893616130198023995e-01
2.221775764093775474e-01,6.123610408945509009e-01,4.641442500619060718e-01,5.941859152441305442e-02,5.829575514393872115e-01,1.105943519148722798e+00,-8.369529581085465020e-03,5.548828526064489841e-01,4.200920729150782185e-01,2.599050719312874791e-01
-1.504390167077386542e-01,2.376466955280595039e-01,6.625651060293287209e-01,4.182876041359858688e-01,-5.218374808709291823e-01,8.912793986915906741e-01,3.295862033568157101e-01,1.203840545804296003e+00,5.810096910979797302e-01,2.841911216695713893e-01
4.540856226830886078e-01,-1.142110721367649295e-01,3.546292514103424054e-01,4.591673358218210654e-01,8.000318993528549028e-01,5.974071168039719604e-01,-3.482063267366855008e-01,8.163288039319596123e-01,4.003699463487140342e-01,5.405388994991516816e-01
6.320910877554155594e-01,-5.891386604731608800e-01,-1.740227116896089221e-01,4.931356198724268225e-01,7.878501397721107136e-01,9.291313039543788177e-01,-1.403015300019234413e-01,-7.634016369193426244e-02,1.179434269723624862e+00,8.517199789448659519e-02
4.130969489111757653e-01,5.112299150992937191e-01,2.342315261143873562e-02,5.554647086960737834e-01,6.794882220283499086e-01,1.713394784994941356e+00,3.567627130568795102e-01,5.795776216035070094e-01,2.066701619404760215e-01,2.890178668079834146e-01
6.349048276759053921e-01,5.592582846899538662e-01,7.570030493900838930e-01,7.564072387859726021e-01,-1.628502105930135224e-01,7.539474332521401978e-01,-1.045874921577454736e-01,6.336787320139227742e-01,6.780512613189332294e-01,1.743266649318383932e+00
5.980604202403044800e-01,7.239280747177267994e-01,1.246992720194494142e+00,5.730167133992841721e-01,7.970751981052024426e-01,-3.072597636345936190e-01,-3.438624908295376814e-01,1.277370335680475533e+00,8.639901795770580373e-01,1.645579553647664284e+00
9.878423584803990298e-01,1.912575248082226398e-01,5.924735530943729955e-01,-5.357072842152073022e-01,8.173966749710938062e-01,1.048094100837078102e+00,-4.418171031459057208e-01,3.910538862518434522e-01,1.543727563025666605e+00,5.497782718634111054e-01
5.641917573412512377e-02,1.454541711252654024e-01,8.914656363502718728e-01,8.309165886253084832e-01,3.680541816928160070e-01,6.051687115631548819e-01,3.730553085196490204e-01,1.181824025110035814e+00,6.169304781949401795e-01,1.020747216205962760e+00
1.893919452275880655e-01,-6.157153455004997777e-01,-1.665838310642415165e-01,9.660883476879597032e-01,1.541425056468308519e+00,1.946338319819468365e-02,-5.015585207108985699e-02,1.374062533162191402e+00,-5.858940507713089607e-01,2.196468617089433195e+00
1.535014760620878382e+00,1.494058059202698630e-01,-1.267557002015799461e-01,1.047793950361518123e+00,6.260387805515114090e-01,8.256860046051531787e-01,5.735372614757044962e-01,1.744791634761631294e-01,3.428059405221777212e-01,1.154891927251175732e+00
-1.109658931581288810e-01,9.530720226606469447e-01,-1.861380954971290635e-01,4.682674532140372881e-01,9.306616526657693900e-01,5.693481129955774156e-01,3.897261378429134338e-01,4.559802158401866645e-01,3.890793236429999080e-01,2.480871717999959536e-01
-8.142989997023993842e-01,1.437954486319929392e+00,4.812276644241830770e-01,1.333852523872342877e+00,5.210328543545924562e-01,9.425909293726697502e-01,2.277588089989873998e-01,1.195610741401842425e+00,1.250006401762830288e+00,2.005031141939386460e-02
3.473569052068484764e-01,1.069560951783685043e+00,1.763294170856536114e-01,2.867249731571502869e-01,1.043104113753889228e+00,-4.018626606077081997e-01,3.247408307439413888e-01,2.077444131677025574e+00,6.450316149734728333e-01,1.014422590533932800e+00
1.263845960474764052e+00,-7.766171421782190887e-01,-1.739413722214448177e-01,2.222517946856404358e-01,6.333674507084231520e-01,2.831895407929398978e-01,9.434015968634226201e-01,7.603761763035442600e-01,5.403425702007297327e-01,1.192123896178530096e+00
-2.864502186901571879e-01,1.721575908106851571e-01,4.054591710421603934e-01,2.655168672525706763e-01,1.037954853746131834e+00,1.177220023180885144e+00,4.859081779046689475e-01,8.085857093140208507e-01,4.708875097800341858e-01,7.387764663478507687e-01
7.953648518664517830e-01,-9.867888313679281653e-01,4.278578823126034242e-02,1.523268405347524834e-01,7.876089806083548250e-01,1.355277558158487217e-01,9.980371909797161045e-01,1.043820806096877440e+00,6.054489765940602730e-01,1.116131679524271947e+00
8.690525450128512297e-01,7.451473360996184736e-01,7.265759238522853658e-02,-2.571941102868440243e-01,5.202570875671056472e-01,2.544260843314563036e-01,1.042930800186271822e+00,-4.149607860872075449e-01,1.147247780818464458e+00,3.356536102759963280e-01
-1.759457760727155540e-01,1.310554929920330069e+00,1.890589821103409340e+00,1.841819534990533358e-01,1.142704643252866914e+00,1.036602216963631029e-01,3.675479488789292204e-01,2.473553023979455090e-01,8.298469829605419068e-02,-9.150604694987822529e-02
-3.892696063652510974e-01,1.415524549311460323e+00,1.426997098511278539e+00,6.832418874952715937e-01,4.981433298492072281e-01,9.261146895411296320e-01,2.164767760006460484e-01,2.627116775535299764e-01,5.124211704230065001e-01,5.640966398038683716e-01
4.531419473214245430e-01,1.318414671559494378e-01,-2.052501449516947254e-02,1.860155889521927508e-01,9.197116468055100968e-01,-1.605119839999485654e-01,1.166694450128136662e+00,1.416847392247493786e+00,-3.504627929921061424e-01,1.344101332496794532e+00
1.538119083181078484e+00,-3.363800069325298403e-01,4.175367915964276477e-01,4.790902564359420523e-01,2.908930491915920347e-01,5.461444809601015971e-01,2.320530998409794154e+00,2.588735023140222025e-02,-1.172864397233820827e-01,2.615149411455493234e-02
6.222643503436119383e-01,4.425825704157446694e-01,9.782895114576128925e-01,5.671112992747607828e-01,4.905836230202851311e-01,1.292205101657073030e+00,-4.678618871022472425e-01,-5.981284271173450268e-02,3.217995673449415839e-01,4.369984459743665450e-01
1.391619762743991240e+00,5.104097653385402111e-01,1.066772214256059836e+00,7.916267512710047916e-01,2.736731096462364787e-01,3.386887192131706747e-01,7.852072563280753092e-01,-3.405413996837255430e-01,2.453493149424802178e-01,-5.107846892530001348e-01
9.622685376548316682e-01,7.827518872623278057e-01,1.032139071318998846e+00,2.668442802020377647e-01,5.040165978476646158e-01,3.827444906023298454e-01,8.903870249140287685e-01,-2.403662863965541074e-01,1.894897938086987921e-01,-1.369618466201543427e-01
-8.204334307761965844e-03,5.551739896729157575e-01,1.217120988782266933e+00,-1.113296367642019314e-04,7.600578176050072354e-01,-1.996279016287224595e-01,7.756445591144250917e-01,-5.721494031260094919e-03,2.062977565100536093e-01,4.122981193192438165e-01
1.569128278418508438e-01,1.922004829466783873e-02,4.393234440585605527e-01,4.222932848860678767e-01,8.461755520722789026e-01,3.373790842392533906e-01,5.371140345242049197e-01,8.729857176364000937e-01,1.496298567185577744e-01,9.924485216435802171e-01
1.414130428993143340e+00,-1.875463518910841787e-01,5.448902063272133001e-01,6.125310516388117188e-01,3.485439248951150426e-01,1.340656814854803702e+00,-3.410035173897079108e-01,2.483343500822301347e-02,5.712824220454469915e-01,-1.294272487002623706e-01
9.068052616446158343e-01,2.866188159308349359e-01,1.616399226156793434e+00,9.341449213077318570e-01,-2.418099102793635213e-01,1.258482389412017843e+00,1.237217597206452940e-01,-3.882911259473866283e-01,3.603605802970720196e-01,-1.117603384061033878e-01
4.162284521640752244e-01,1.214819895021404417e+00,1.020098808981684702e+00,1.027380620334076067e+00,-5.871084132579805492e-02,3.988720526607983374e-01,-2.747735681862489288e-01,6.406856805279241840e-01,-9.329882272273538890e-02,-4.937585105961458942e-02
6.241232046502758202e-01,4.673773531495312161e-01,2.630666611561697787e-01,1.125030937755770122e+00,-4.891898356176230256e-01,8.338958609902905605e-01,-3.000498255913510715e-01,6.542634747989406474e-01,4.686574588125673180e-01,5.763873025782249027e-01
6.624843908481703458e-01,2.998879552818287109e-01,-1.471623884119696302e-01,1.106831339321800334e+00,7.070232181691837869e-02,1.039786048950449127e+00,9.346020543156356997e-01,2.242088217424898500e-01,5.012402558058898228e-01,9.345708926208193823e-01
6.732386894479129857e-01,3.308852988642665416e-01,-1.012300649384962337e-01,4.643732765498347903e-01,5.478858807437351208e-01,1.224171145397501936e+00,6.111534962441839136e-01,1.081760177445082016e+00,9.195687261951284164e-01,2.721371028332935857e-02
8.474162536873425244e-01,-2.197140788026577529e-01,-2.512829479187808079e-01,6.928585909111586449e-01,8.872830293140905600e-02,5.038257852058513064e-01,8.720678509509312004e-01,8.931405587343511643e-01,2.431719500084721375e-01,4.868374040418284587e-01
2.413713180226816080e-01,1.137507641255521618e+00,4.281059673507479624e-01,6.124035658542867910e-01,5.826101492424002881e-01,7.093449689058796137e-01,9.718438183951136899e-01,-4.905349025575435062e-01,1.254388415180819560e+00,-2.953341196312116168e-02
-1.372630675276404755e-01,1.533667738260142466e+00,1.836611101565674975e+00,-3.483497316195932614e-01,-2.790262109692969172e-01,-7.482966167652931218e-03,8.623554511533146893e-01,8.318085567725863952e-03,9.929425113591437979e-01,6.902752175345812091e-01
